Protein1,Protein2,AbsPos1,AbsPos2,ld-Score,etc,source,distance,,,
Gle1,Gle1,163,171,1,intra,XL_intra_structures,13.80976263,,,
Gle1,Gle1,171,163,1,intra,XL_intra_structures,13.80976263,,,
Gle1,Gle1,169,171,1,intra,XL_intra_structures,5.499215944,,,
Gle1,Gle1,178,171,1,intra,XL_intra_structures,10.38990101,,,
Gle1,Gle1,188,196,1,intra,XL_intra_structures,12.60414987,,,
Gle1,Gle1,196,188,1,intra,XL_intra_structures,12.60414987,,,
Gle1,Gle1,206,196,1,intra,XL_intra_structures,14.53967527,,,
Gle1,Gle1,206,213,1,intra,XL_intra_structures,11.37521538,,,
Gle1,Gle1,213,196,1,intra,XL_intra_structures,25.81091021,,,
Gle1,Gle1,220,226,1,intra,XL_intra_structures,10.08007808,,,
Gle1,Gle1,220,231,1,intra,XL_intra_structures,17.13546025,,,
Gle1,Gle1,231,225,1,intra,XL_intra_structures,9.706978263,,,
Gle1,Gle1,231,238,1,intra,XL_intra_structures,10.51668432,,,
Gle1,Gle1,236,225,1,intra,XL_intra_structures,16.99946487,,,
Gle1,Gle1,236,226,1,intra,XL_intra_structures,15.93729905,,,
Gle1,Gle1,248,259,1,intra,XL_intra_structures,16.82891232,,,
Gle1,Gle1,251,259,1,intra,XL_intra_structures,12.13545125,,,
Gle1,Gle1,273,288,1,intra,XL_intra_structures,22.11775113,,,
Gle1,272,Nup60,307,0.001,7,Gle1,272,REVERSE_Nup60,231,Incompatible - do not use or let it be violated - though we know it might be real
Gle1,272,Nup60,231,0.001,7,,,,,