Protein1,Protein2,AbsPos1,AbsPos2,ld-Score,etc,source,distance
Nup188,Nup188,990,1035,1,intra,XL_intra_structures,13.73652467
Nup188,Nup188,1000,990,1,intra,XL_intra_structures,13.85576447
Nup188,Nup188,1000,1035,1,intra,XL_intra_structures,16.04576041
Nup188,Nup188,1000,1038,1,intra,XL_intra_structures,11.21255234
Nup188,Nup188,1038,990,1,intra,XL_intra_structures,15.70893978
Nup188,Nup188,1052,1048,1,intra,XL_intra_structures,12.75153657
Nup188,Nup188,1070,1073,1,intra,XL_intra_structures,5.047670651
Nup188,Nup188,1133,1178,1,intra,XL_intra_structures,27.34965108
Nup188,Nup188,1168,605,1,intra,XL_intra_structures,33.66516577
Nup188,Nup188,1540,1604,1,intra,XL_intra_structures,16.20303842
Nup188,Nup188,1596,1604,1,intra,XL_intra_structures,13.0322752
Nup188,Nup188,1610,1638,1,intra,XL_intra_structures,12.62337174
Nup188,Nup188,1638,1610,1,intra,XL_intra_structures,12.62337174
Nup188,Nup188,1638,1645,1,intra,XL_intra_structures,10.12707332
Nup188,Nup188,1645,1638,1,intra,XL_intra_structures,10.12707332
Nup188,Nup188,1297,1304,1,298,intra,11.77466335
Nup188,Nup188,1304,1297,1,299,intra,11.77466335