Mlp1,727,Nsp1,338,,Mlp1,727,Nsp1,433,nsp1 FG,,,,,,,,,,,,,,,,,,,,
Nic96,389,Nsp1,319,,Nic96,389,Nsp1,414,FG,,,,,,,,,,,,,,,,,,,,
Nsp1,346,Mlp1,683,,Nsp1,441,Mlp1,683,FG,,,,,,,,,,,,,,,,,,,,
Nsp1,395,Mlp1,772,FG,,,,,,,,,,,,,,,,,,,,,,,,,
Nsp1,522,Mlp1,1530,,Nsp1,522,Mlp2,1457,FG,,,,,,,,,,,,,,,,,,,,
Nsp1,528,Mlp1,821,FG,,,,,,,,,,,,,,,,,,,,,,,,,
Nsp1,308,Mlp2,549,,Nsp1,403,Mlp2,549,FG,,,,,,,,,,,,,,,,,,,,
Nsp1,370,Ndc1,2,,Nsp1,465,Ndc1,2,FG,,,,,,,,,,,,,,,,,,,,
Nsp1,189,Nsp1,503,FG,,,,,,,,,,,,,,,,,,,,,,,,,
Nsp1,189,Nsp1,332,,Nsp1,189,Nsp1,427,FG,,,,,,,,,,,,,,,,,,,,
Nsp1,207,Nsp1,332,,Nsp1,207,Nsp1,427,FG,,,,,,,,,,,,,,,,,,,,
Nsp1,234,Nsp1,190,FG,,,,,,,,,,,,,,,,,,,,,,,,,
Nsp1,234,Nsp1,207,FG,,,,,,,,,,,,,,,,,,,,,,,,,
Nsp1,234,Nsp1,276,FG,,,,,,,,,,,,,,,,,,,,,,,,,
Nsp1,234,Nsp1,289,FG,,,,,,,,,,,,,,,,,,,,,,,,,
Nsp1,234,Nsp1,294,FG,,,,,,,,,,,,,,,,,,,,,,,,,
Nsp1,234,Nsp1,300,FG,,,,,,,,,,,,,,,,,,,,,,,,,
Nsp1,234,Nsp1,313,,Nsp1,234,Nsp1,408,FG,,,,,,,,,,,,,,,,,,,,
Nsp1,263,Nsp1,227,FG,,,,,,,,,,,,,,,,,,,,,,,,,
Nsp1,263,Nsp1,289,FG,,,,,,,,,,,,,,,,,,,,,,,,,
Nsp1,263,Nsp1,294,FG,,,,,,,,,,,,,,,,,,,,,,,,,
Nsp1,263,Nsp1,300,FG,,,,,,,,,,,,,,,,,,,,,,,,,
Nsp1,263,Nsp1,395,FG,,,,,,,,,,,,,,,,,,,,,,,,,
Nsp1,276,Nsp1,300,FG,,,,,,,,,,,,,,,,,,,,,,,,,
Nsp1,276,Nsp1,579,FG,,,,,,,,,,,,,,,,,,,,,,,,,
Nsp1,289,Nsp1,300,FG,,,,,,,,,,,,,,,,,,,,,,,,,
Nsp1,289,Nsp1,308,FG,,,,,,,,,,,,,,,,,,,,,,,,,
Nsp1,289,Nsp1,498,FG,,,,,,,,,,,,,,,,,,,,,,,,,
Nsp1,289,Nsp1,502,FG,,,,,,,,,,,,,,,,,,,,,,,,,
Nsp1,289,Nsp1,308,,Nsp1,289,Nsp1,403,FG,,,,,,,,,,,,,,,,,,,,
Nsp1,289,Nsp1,312,,Nsp1,289,Nsp1,407,FG,,,,,,,,,,,,,,,,,,,,
Nsp1,289,Nsp1,313,,Nsp1,289,Nsp1,408,FG,,,,,,,,,,,,,,,,,,,,
Nsp1,289,Nsp1,319,,Nsp1,289,Nsp1,414,FG,,,,,,,,,,,,,,,,,,,,
Nsp1,294,Nsp1,384,FG,,,,,,,,,,,,,,,,,,,,,,,,,
Nsp1,294,Nsp1,313,,Nsp1,294,Nsp1,408,FG,,,,,,,,,,,,,,,,,,,,
Nsp1,294,Nsp1,369,,Nsp1,294,Nsp1,464,,Nsp1,294,Nsp1,483,FG,,,,,,,,,,,,,,,
Nsp1,300,Nsp1,384,FG,,,,,,,,,,,,,,,,,,,,,,,,,
Nsp1,300,Nsp1,528,FG,,,,,,,,,,,,,,,,,,,,,,,,,
Nsp1,300,Nsp1,661,FG,,,,,,,,,,,,,,,,,,,,,,,,,
Nsp1,300,Nsp1,312,,Nsp1,300,Nsp1,407,FG,,,,,,,,,,,,,,,,,,,,
Nsp1,300,Nsp1,313,,Nsp1,300,Nsp1,408,FG,,,,,,,,,,,,,,,,,,,,
Nsp1,300,Nsp1,319,,Nsp1,300,Nsp1,414,FG,,,,,,,,,,,,,,,,,,,,
Nsp1,300,Nsp1,327,,Nsp1,300,Nsp1,422,FG,,,,,,,,,,,,,,,,,,,,
Nsp1,300,Nsp1,332,,Nsp1,300,Nsp1,427,FG,,,,,,,,,,,,,,,,,,,,
Nsp1,300,Nsp1,338,,Nsp1,300,Nsp1,433,FG,,,,,,,,,,,,,,,,,,,,
Nsp1,300,Nsp1,346,,Nsp1,300,Nsp1,441,FG,,,,,,,,,,,,,,,,,,,,
Nsp1,300,Nsp1,350,,Nsp1,300,Nsp1,445,FG,,,,,,,,,,,,,,,,,,,,
Nsp1,300,Nsp1,357,,Nsp1,300,Nsp1,452,FG,,,,,,,,,,,,,,,,,,,,
Nsp1,308,Nsp1,294,,Nsp1,403,Nsp1,294,FG,,,,,,,,,,,,,,,,,,,,
Nsp1,308,Nsp1,313,,Nsp1,308,Nsp1,408,,Nsp1,403,Nsp1,313,,Nsp1,403,Nsp1,408,FG,,,,,,,,,,
Nsp1,308,Nsp1,313,,Nsp1,308,Nsp1,408,FG,,,,,,,,,,,,,,,,,,,,
Nsp1,308,Nsp1,319,,Nsp1,308,Nsp1,414,FG,,,,,,,,,,,,,,,,,,,,
Nsp1,312,Nsp1,294,,Nsp1,407,Nsp1,294,FG,,,,,,,,,,,,,,,,,,,,
Nsp1,312,Nsp1,384,,Nsp1,407,Nsp1,384,FG,,,,,,,,,,,,,,,,,,,,
Nsp1,313,Nsp1,294,,Nsp1,408,Nsp1,294,FG,,,,,,,,,,,,,,,,,,,,
Nsp1,313,Nsp1,308,,Nsp1,313,Nsp1,403,,Nsp1,408,Nsp1,308,,Nsp1,408,Nsp1,403,FG,,,,,,,,,,
Nsp1,313,Nsp1,332,,Nsp1,313,Nsp1,427,,Nsp1,408,Nsp1,332,,Nsp1,408,Nsp1,427,FG,,,,,,,,,,
Nsp1,319,Nsp1,294,,Nsp1,414,Nsp1,294,FG,,,,,,,,,,,,,,,,,,,,
Nsp1,319,Nsp1,308,,Nsp1,319,Nsp1,403,,Nsp1,414,Nsp1,308,,Nsp1,414,Nsp1,403,FG,,,,,,,,,,
Nsp1,319,Nsp1,312,,Nsp1,319,Nsp1,407,,Nsp1,414,Nsp1,312,,Nsp1,414,Nsp1,407,FG,,,,,,,,,,
Nsp1,319,Nsp1,332,,Nsp1,319,Nsp1,427,,Nsp1,414,Nsp1,332,,Nsp1,414,Nsp1,427,FG,,,,,,,,,,
Nsp1,319,Nsp1,346,,Nsp1,319,Nsp1,441,,Nsp1,414,Nsp1,346,,Nsp1,414,Nsp1,441,FG,,,,,,,,,,
Nsp1,327,Nsp1,313,,Nsp1,327,Nsp1,408,,Nsp1,422,Nsp1,313,,Nsp1,422,Nsp1,408,FG,,,,,,,,,,
Nsp1,327,Nsp1,346,,Nsp1,327,Nsp1,441,,Nsp1,422,Nsp1,346,,Nsp1,422,Nsp1,441,FG,,,,,,,,,,
Nsp1,327,Nsp1,350,,Nsp1,327,Nsp1,445,,Nsp1,422,Nsp1,350,,Nsp1,422,Nsp1,445,FG,,,,,,,,,,
Nsp1,332,Nsp1,313,,Nsp1,332,Nsp1,408,,Nsp1,427,Nsp1,313,,Nsp1,427,Nsp1,408,FG,,,,,,,,,,
Nsp1,338,Nsp1,294,,Nsp1,433,Nsp1,294,FG,,,,,,,,,,,,,,,,,,,,
Nsp1,338,Nsp1,300,,Nsp1,433,Nsp1,300,FG,,,,,,,,,,,,,,,,,,,,
Nsp1,338,Nsp1,313,,Nsp1,338,Nsp1,408,,Nsp1,433,Nsp1,313,,Nsp1,433,Nsp1,408,FG,,,,,,,,,,
Nsp1,338,Nsp1,327,,Nsp1,338,Nsp1,422,,Nsp1,433,Nsp1,327,,Nsp1,433,Nsp1,422,FG,,,,,,,,,,
Nsp1,338,Nsp1,350,,Nsp1,338,Nsp1,445,,Nsp1,433,Nsp1,350,,Nsp1,433,Nsp1,445,FG,,,,,,,,,,
Nsp1,338,Nsp1,365,,Nsp1,338,Nsp1,460,,Nsp1,338,Nsp1,479,,Nsp1,433,Nsp1,365,,Nsp1,433,Nsp1,460,,Nsp1,433,Nsp1,479,FG
Nsp1,338,Nsp1,540,,Nsp1,433,Nsp1,540,FG,,,,,,,,,,,,,,,,,,,,
Nsp1,346,Nsp1,332,,Nsp1,346,Nsp1,427,,Nsp1,441,Nsp1,332,,Nsp1,441,Nsp1,427,FG,,,,,,,,,,
Nsp1,346,Nsp1,369,,Nsp1,346,Nsp1,464,,Nsp1,346,Nsp1,483,,Nsp1,441,Nsp1,369,,Nsp1,441,Nsp1,464,,Nsp1,441,Nsp1,483,FG
Nsp1,350,Nsp1,312,,Nsp1,350,Nsp1,407,,Nsp1,445,Nsp1,312,,Nsp1,445,Nsp1,407,FG,,,,,,,,,,
Nsp1,350,Nsp1,332,,Nsp1,350,Nsp1,427,,Nsp1,445,Nsp1,332,,Nsp1,445,Nsp1,427,FG,,,,,,,,,,
Nsp1,350,Nsp1,338,,Nsp1,350,Nsp1,433,,Nsp1,445,Nsp1,338,,Nsp1,445,Nsp1,433,FG,,,,,,,,,,
Nsp1,350,Nsp1,365,,Nsp1,350,Nsp1,460,,Nsp1,350,Nsp1,479,,Nsp1,445,Nsp1,365,,Nsp1,445,Nsp1,460,,Nsp1,445,Nsp1,479,FG
Nsp1,350,Nsp1,369,,Nsp1,350,Nsp1,464,,Nsp1,350,Nsp1,483,,Nsp1,445,Nsp1,369,,Nsp1,445,Nsp1,464,,Nsp1,445,Nsp1,483,FG
Nsp1,350,Nsp1,370,,Nsp1,350,Nsp1,465,,Nsp1,445,Nsp1,370,,Nsp1,445,Nsp1,465,FG,,,,,,,,,,
Nsp1,350,Nsp1,503,,Nsp1,445,Nsp1,503,FG,,,,,,,,,,,,,,,,,,,,
Nsp1,350,Nsp1,536,,Nsp1,445,Nsp1,536,FG,,,,,,,,,,,,,,,,,,,,
Nsp1,357,Nsp1,332,,Nsp1,357,Nsp1,427,,Nsp1,452,Nsp1,332,,Nsp1,452,Nsp1,427,FG,,,,,,,,,,
Nsp1,357,Nsp1,346,,Nsp1,357,Nsp1,441,,Nsp1,452,Nsp1,346,,Nsp1,452,Nsp1,441,FG,,,,,,,,,,
Nsp1,357,Nsp1,370,,Nsp1,357,Nsp1,465,,Nsp1,452,Nsp1,370,,Nsp1,452,Nsp1,465,FG,,,,,,,,,,
Nsp1,357,Nsp1,376,,Nsp1,357,Nsp1,471,,Nsp1,452,Nsp1,376,,Nsp1,452,Nsp1,471,FG,,,,,,,,,,
Nsp1,365,Nsp1,350,,Nsp1,365,Nsp1,445,,Nsp1,460,Nsp1,350,,Nsp1,460,Nsp1,445,,Nsp1,479,Nsp1,350,,Nsp1,479,Nsp1,445,FG
Nsp1,365,Nsp1,370,,Nsp1,365,Nsp1,465,,Nsp1,460,Nsp1,370,,Nsp1,460,Nsp1,465,,Nsp1,479,Nsp1,370,,Nsp1,479,Nsp1,465,FG
Nsp1,365,Nsp1,370,,Nsp1,365,Nsp1,465,,Nsp1,460,Nsp1,370,,Nsp1,460,Nsp1,465,FG,,,,,,,,,,
Nsp1,365,Nsp1,484,,Nsp1,460,Nsp1,484,,Nsp1,479,Nsp1,484,FG,,,,,,,,,,,,,,,
Nsp1,376,Nsp1,308,,Nsp1,376,Nsp1,403,,Nsp1,471,Nsp1,308,,Nsp1,471,Nsp1,403,FG,,,,,,,,,,
Nsp1,376,Nsp1,346,,Nsp1,376,Nsp1,441,,Nsp1,471,Nsp1,346,,Nsp1,471,Nsp1,441,FG,,,,,,,,,,
Nsp1,376,Nsp1,490,,Nsp1,471,Nsp1,490,FG,,,,,,,,,,,,,,,,,,,,
Nsp1,376,Nsp1,528,,Nsp1,471,Nsp1,528,FG,,,,,,,,,,,,,,,,,,,,
Nsp1,384,Nsp1,490,FG,,,,,,,,,,,,,,,,,,,,,,,,,
Nsp1,389,Nsp1,395,FG,,,,,,,,,,,,,,,,,,,,,,,,,
Nsp1,389,Nsp1,498,FG,,,,,,,,,,,,,,,,,,,,,,,,,
Nsp1,389,Nsp1,528,FG,,,,,,,,,,,,,,,,,,,,,,,,,
Nsp1,389,Nsp1,338,,Nsp1,389,Nsp1,433,FG,,,,,,,,,,,,,,,,,,,,
Nsp1,389,Nsp1,370,,Nsp1,389,Nsp1,465,FG,,,,,,,,,,,,,,,,,,,,
Nsp1,395,Nsp1,357,,Nsp1,395,Nsp1,452,FG,,,,,,,,,,,,,,,,,,,,
Nsp1,479,Nsp1,484,FG,,,,,,,,,,,,,,,,,,,,,,,,,
Nsp1,484,Nsp1,502,FG,,,,,,,,,,,,,,,,,,,,,,,,,
Nsp1,484,Nsp1,517,FG,,,,,,,,,,,,,,,,,,,,,,,,,
Nsp1,484,Nsp1,365,,Nsp1,484,Nsp1,460,,Nsp1,484,Nsp1,479,FG,,,,,,,,,,,,,,,
Nsp1,484,Nsp1,376,,Nsp1,484,Nsp1,471,FG,,,,,,,,,,,,,,,,,,,,
Nsp1,490,Nsp1,503,FG,,,,,,,,,,,,,,,,,,,,,,,,,
Nsp1,490,Nsp1,661,FG,,,,,,,,,,,,,,,,,,,,,,,,,
Nsp1,490,Nsp1,365,,Nsp1,490,Nsp1,460,,Nsp1,490,Nsp1,479,FG,,,,,,,,,,,,,,,
Nsp1,490,Nsp1,376,,Nsp1,490,Nsp1,471,FG,,,,,,,,,,,,,,,,,,,,
Nsp1,498,Nsp1,484,FG,,,,,,,,,,,,,,,,,,,,,,,,,
Nsp1,498,Nsp1,503,FG,,,,,,,,,,,,,,,,,,,,,,,,,
Nsp1,498,Nsp1,509,FG,,,,,,,,,,,,,,,,,,,,,,,,,
Nsp1,498,Nsp1,369,,Nsp1,498,Nsp1,464,,Nsp1,498,Nsp1,483,FG,,,,,,,,,,,,,,,
Nsp1,503,Nsp1,300,FG,,,,,,,,,,,,,,,,,,,,,,,,,
Nsp1,503,Nsp1,509,FG,,,,,,,,,,,,,,,,,,,,,,,,,
Nsp1,503,Nsp1,346,,Nsp1,503,Nsp1,441,FG,,,,,,,,,,,,,,,,,,,,
Nsp1,509,Nsp1,484,FG,,,,,,,,,,,,,,,,,,,,,,,,,
Nsp1,509,Nsp1,490,FG,,,,,,,,,,,,,,,,,,,,,,,,,
Nsp1,509,Nsp1,498,FG,,,,,,,,,,,,,,,,,,,,,,,,,
Nsp1,509,Nsp1,502,FG,,,,,,,,,,,,,,,,,,,,,,,,,
Nsp1,509,Nsp1,522,FG,,,,,,,,,,,,,,,,,,,,,,,,,
Nsp1,509,Nsp1,528,FG,,,,,,,,,,,,,,,,,,,,,,,,,
Nsp1,509,Nsp1,574,FG,,,,,,,,,,,,,,,,,,,,,,,,,
Nsp1,509,Nsp1,376,,Nsp1,509,Nsp1,471,FG,,,,,,,,,,,,,,,,,,,,
Nsp1,517,Nsp1,502,FG,,,,,,,,,,,,,,,,,,,,,,,,,
Nsp1,517,Nsp1,503,FG,,,,,,,,,,,,,,,,,,,,,,,,,
Nsp1,517,Nsp1,522,FG,,,,,,,,,,,,,,,,,,,,,,,,,
Nsp1,517,Nsp1,528,FG,,,,,,,,,,,,,,,,,,,,,,,,,
Nsp1,517,Nsp1,370,,Nsp1,517,Nsp1,465,FG,,,,,,,,,,,,,,,,,,,,
Nsp1,521,Nsp1,498,FG,,,,,,,,,,,,,,,,,,,,,,,,,
Nsp1,521,Nsp1,503,FG,,,,,,,,,,,,,,,,,,,,,,,,,
Nsp1,521,Nsp1,541,FG,,,,,,,,,,,,,,,,,,,,,,,,,
Nsp1,522,Nsp1,503,FG,,,,,,,,,,,,,,,,,,,,,,,,,
Nsp1,522,Nsp1,517,FG,,,,,,,,,,,,,,,,,,,,,,,,,
Nsp1,522,Nsp1,541,FG,,,,,,,,,,,,,,,,,,,,,,,,,
Nsp1,522,Nsp1,574,FG,,,,,,,,,,,,,,,,,,,,,,,,,
Nsp1,522,Nsp1,346,,Nsp1,522,Nsp1,441,FG,,,,,,,,,,,,,,,,,,,,
Nsp1,528,Nsp1,395,FG,,,,,,,,,,,,,,,,,,,,,,,,,
Nsp1,528,Nsp1,517,FG,,,,,,,,,,,,,,,,,,,,,,,,,
Nsp1,528,Nsp1,521,FG,,,,,,,,,,,,,,,,,,,,,,,,,
Nsp1,528,Nsp1,540,FG,,,,,,,,,,,,,,,,,,,,,,,,,
Nsp1,528,Nsp1,541,FG,,,,,,,,,,,,,,,,,,,,,,,,,
Nsp1,536,Nsp1,521,FG,,,,,,,,,,,,,,,,,,,,,,,,,
Nsp1,536,Nsp1,522,FG,,,,,,,,,,,,,,,,,,,,,,,,,
Nsp1,536,Nsp1,541,FG,,,,,,,,,,,,,,,,,,,,,,,,,
Nsp1,540,Nsp1,521,FG,,,,,,,,,,,,,,,,,,,,,,,,,
Nsp1,541,Nsp1,522,FG,,,,,,,,,,,,,,,,,,,,,,,,,
Nsp1,547,Nsp1,528,FG,,,,,,,,,,,,,,,,,,,,,,,,,
Nsp1,555,Nsp1,509,FG,,,,,,,,,,,,,,,,,,,,,,,,,
Nsp1,555,Nsp1,528,FG,,,,,,,,,,,,,,,,,,,,,,,,,
Nsp1,555,Nsp1,540,FG,,,,,,,,,,,,,,,,,,,,,,,,,
Nsp1,555,Nsp1,541,FG,,,,,,,,,,,,,,,,,,,,,,,,,
Nsp1,555,Nsp1,574,FG,,,,,,,,,,,,,,,,,,,,,,,,,
Nsp1,555,Nsp1,585,FG,,,,,,,,,,,,,,,,,,,,,,,,,
Nsp1,555,Nsp1,599,FG,,,,,,,,,,,,,,,,,,,,,,,,,
Nsp1,555,Nsp1,613,FG,,,,,,,,,,,,,,,,,,,,,,,,,
Nsp1,559,Nsp1,540,FG,,,,,,,,,,,,,,,,,,,,,,,,,
Nsp1,559,Nsp1,541,FG,,,,,,,,,,,,,,,,,,,,,,,,,
Nsp1,559,Nsp1,574,FG,,,,,,,,,,,,,,,,,,,,,,,,,
Nsp1,559,Nsp1,585,FG,,,,,,,,,,,,,,,,,,,,,,,,,
Nsp1,559,Nsp1,607,FG,,,,,,,,,,,,,,,,,,,,,,,,,
Nsp1,559,Nsp1,613,FG,,,,,,,,,,,,,,,,,,,,,,,,,
Nsp1,566,Nsp1,547,FG,,,,,,,,,,,,,,,,,,,,,,,,,
Nsp1,566,Nsp1,555,FG,,,,,,,,,,,,,,,,,,,,,,,,,
Nsp1,566,Nsp1,585,FG,,,,,,,,,,,,,,,,,,,,,,,,,
Nsp1,574,Nsp1,541,FG,,,,,,,,,,,,,,,,,,,,,,,,,
Nsp1,574,Nsp1,555,FG,,,,,,,,,,,,,,,,,,,,,,,,,
Nsp1,574,Nsp1,559,FG,,,,,,,,,,,,,,,,,,,,,,,,,
Nsp1,574,Nsp1,599,FG,,,,,,,,,,,,,,,,,,,,,,,,,
Nsp1,574,Nsp1,613,FG,,,,,,,,,,,,,,,,,,,,,,,,,
Nsp1,579,Nsp1,559,FG,,,,,,,,,,,,,,,,,,,,,,,,,
Nsp1,579,Nsp1,574,FG,,,,,,,,,,,,,,,,,,,,,,,,,
Nsp1,579,Nsp1,585,FG,,,,,,,,,,,,,,,,,,,,,,,,,
Nsp1,579,Nsp1,594,FG,,,,,,,,,,,,,,,,,,,,,,,,,
Nsp1,579,Nsp1,598,FG,,,,,,,,,,,,,,,,,,,,,,,,,
Nsp1,579,Nsp1,599,FG,,,,,,,,,,,,,,,,,,,,,,,,,
Nsp1,579,Nsp1,607,FG,,,,,,,,,,,,,,,,,,,,,,,,,
Nsp1,585,Nsp1,555,FG,,,,,,,,,,,,,,,,,,,,,,,,,
Nsp1,585,Nsp1,574,FG,,,,,,,,,,,,,,,,,,,,,,,,,
Nsp1,585,Nsp1,599,FG,,,,,,,,,,,,,,,,,,,,,,,,,
Nsp1,585,Nsp1,607,FG,,,,,,,,,,,,,,,,,,,,,,,,,
Nsp1,585,Nsp1,613,FG,,,,,,,,,,,,,,,,,,,,,,,,,
Nsp1,594,Nsp1,509,FG,,,,,,,,,,,,,,,,,,,,,,,,,
Nsp1,594,Nsp1,555,FG,,,,,,,,,,,,,,,,,,,,,,,,,
Nsp1,594,Nsp1,574,FG,,,,,,,,,,,,,,,,,,,,,,,,,
Nsp1,594,Nsp1,598,FG,,,,,,,,,,,,,,,,,,,,,,,,,
Nsp1,594,Nsp1,599,FG,,,,,,,,,,,,,,,,,,,,,,,,,
Nsp1,594,Nsp1,607,FG,,,,,,,,,,,,,,,,,,,,,,,,,
Nsp1,594,Nsp1,613,FG,,,,,,,,,,,,,,,,,,,,,,,,,
Nsp1,598,Nsp1,598,FG,,,,,,,,,,,,,,,,,,,,,,,,,
Nsp1,598,Nsp1,599,FG,,,,,,,,,,,,,,,,,,,,,,,,,
Nsp1,607,Nsp1,574,FG,,,,,,,,,,,,,,,,,,,,,,,,,
Nsp1,607,Nsp1,594,FG,,,,,,,,,,,,,,,,,,,,,,,,,
Nsp1,607,Nsp1,598,FG,,,,,,,,,,,,,,,,,,,,,,,,,
Nsp1,607,Nsp1,619,FG,,,,,,,,,,,,,,,,,,,,,,,,,
Nsp1,607,Nsp1,623,FG,,,,,,,,,,,,,,,,,,,,,,,,,
Nsp1,607,Nsp1,661,FG,,,,,,,,,,,,,,,,,,,,,,,,,
Nsp1,613,Nsp1,599,FG,,,,,,,,,,,,,,,,,,,,,,,,,
Nsp1,619,Nsp1,607,FG,,,,,,,,,,,,,,,,,,,,,,,,,
Nsp1,623,Nsp1,555,FG,,,,,,,,,,,,,,,,,,,,,,,,,
Nsp1,623,Nsp1,585,FG,,,,,,,,,,,,,,,,,,,,,,,,,
Nsp1,623,Nsp1,599,FG,,,,,,,,,,,,,,,,,,,,,,,,,
Nsp1,623,Nsp1,607,FG,,,,,,,,,,,,,,,,,,,,,,,,,
Nsp1,623,Nsp1,613,FG,,,,,,,,,,,,,,,,,,,,,,,,,
Nsp1,628,Nsp1,613,FG,,,,,,,,,,,,,,,,,,,,,,,,,
Nsp1,628,Nsp1,619,FG,,,,,,,,,,,,,,,,,,,,,,,,,
Nsp1,661,Nsp1,613,FG,,,,,,,,,,,,,,,,,,,,,,,,,
Nsp1,312,Nup1,497,,Nsp1,407,Nup1,497,FG,,,,,,,,,,,,,,,,,,,,
Nsp1,370,Nup145,372,,Nsp1,465,Nup145,372,FG,,,,,,,,,,,,,,,,,,,,
Nsp1,517,Nup159,422,FG,,,,,,,,,,,,,,,,,,,,,,,,,
Nsp1,585,Nup159,1020,FG,,,,,,,,,,,,,,,,,,,,,,,,,
Nsp1,528,Nup2,615,FG,,,,,,,,,,,,,,,,,,,,,,,,,
Nsp1,585,Nup57,400,FG,,,,,,,,,,,,,,,,,,,,,,,,,
Nsp1,599,Nup57,400,nic96 complex,FG,,,,,,,,,,,,,,,,,,,,,,,,
Nsp1,585,Nup82,541,FG,,,,,,,,,,,,,,,,,,,,,,,,,
Nsp1,585,Nup82,569,FG,,,,,,,,,,,,,,,,,,,,,,,,,
Nsp1,607,Nup82,541,Nup82 complex,FG,,,,,,,,,,,,,,,,,,,,,,,,
Nsp1,607,Nup82,569,Nup82 complex,FG,,,,,,,,,,,,,,,,,,,,,,,,
Nsp1,263,Nup84,108,FG,,,,,,,,,,,,,,,,,,,,,,,,,
Nsp1,313,Sec13,252,,Nsp1,408,Sec13,252,FG,,,,,,,,,,,,,,,,,,,,
Nup1,394,Nup1,389,FG,,,,,,,,,,,,,,,,,,,,,,,,,
Nup1,411,Nup1,430,FG,,,,,,,,,,,,,,,,,,,,,,,,,
Nup1,430,Nup1,423,FG,,,,,,,,,,,,,,,,,,,,,,,,,
Nup1,481,Nup1,493,FG,,,,,,,,,,,,,,,,,,,,,,,,,
Nup1,481,Nup1,557,FG,,,,,,,,,,,,,,,,,,,,,,,,,
Nup1,547,Nup1,557,FG,,,,,,,,,,,,,,,,,,,,,,,,,
Nup1,552,Nup1,529,FG,,,,,,,,,,,,,,,,,,,,,,,,,
Nup1,552,Nup1,530,FG,,,,,,,,,,,,,,,,,,,,,,,,,
Nup1,552,Nup1,568,FG,,,,,,,,,,,,,,,,,,,,,,,,,
Nup1,552,Nup1,588,FG,,,,,,,,,,,,,,,,,,,,,,,,,
Nup1,557,Nup1,530,FG,,,,,,,,,,,,,,,,,,,,,,,,,
Nup1,557,Nup1,568,FG,,,,,,,,,,,,,,,,,,,,,,,,,
Nup1,557,Nup1,588,FG,,,,,,,,,,,,,,,,,,,,,,,,,
Nup1,568,Nup1,588,FG,,,,,,,,,,,,,,,,,,,,,,,,,
Nup1,581,Nup1,557,FG,,,,,,,,,,,,,,,,,,,,,,,,,
Nup1,581,Nup1,601,FG,,,,,,,,,,,,,,,,,,,,,,,,,
Nup1,588,Nup1,601,FG,,,,,,,,,,,,,,,,,,,,,,,,,
Nup1,595,Nup1,601,FG,,,,,,,,,,,,,,,,,,,,,,,,,
Nup1,619,Nup1,601,FG,,,,,,,,,,,,,,,,,,,,,,,,,
Nup1,619,Nup1,633,FG,,,,,,,,,,,,,,,,,,,,,,,,,
Nup1,644,Nup1,654,FG,,,,,,,,,,,,,,,,,,,,,,,,,
Nup1,653,Nup1,668,FG,,,,,,,,,,,,,,,,,,,,,,,,,
Nup1,663,Nup1,675,FG,,,,,,,,,,,,,,,,,,,,,,,,,
Nup1,668,Nup1,654,FG,,,,,,,,,,,,,,,,,,,,,,,,,
Nup1,724,Nup1,693,FG,,,,,,,,,,,,,,,,,,,,,,,,,
Nup116,952,Nsp1,370,,Nup116,952,Nsp1,465,cytoplasmic side only,FG Nups,,,,,,,,,,,,,,,,,,,
Nup116,842,Nup116,2,ignore,FG Nups,,,,,,,,,,,,,,,,,,,,,,,,
Nup157,1371,Nsp1,376,,Nup157,1371,Nsp1,471,FG Nsp1,,,,,,,,,,,,,,,,,,,,
Nup159,409,Nsp1,559,Nup82 complex,FG,,,,,,,,,,,,,,,,,,,,,,,,
Nup159,679,Nsp1,190,Nup82 complex,FG,,,,,,,,,,,,,,,,,,,,,,,,
Nup159,865,Nsp1,635,Nup82 complex,FG,,,,,,,,,,,,,,,,,,,,,,,,
Nup159,1019,Nsp1,547,Nup82 complex,FG,,,,,,,,,,,,,,,,,,,,,,,,
Nup159,1198,Nsp1,585,Nup82 complex,FG,,,,,,,,,,,,,,,,,,,,,,,,
Nup159,1198,Nsp1,594,Nup82 complex,FG,,,,,,,,,,,,,,,,,,,,,,,,
Nup159,1198,Nsp1,599,Nup82 complex,FG,,,,,,,,,,,,,,,,,,,,,,,,
Nup159,409,Nup159,421,Nup82 complex,FG,,,,,,,,,,,,,,,,,,,,,,,,
Nup159,420,Nup159,422,Nup82 complex,FG,,,,,,,,,,,,,,,,,,,,,,,,
Nup159,428,Nup159,421,Nup82 complex,FG,,,,,,,,,,,,,,,,,,,,,,,,
Nup159,502,Nup159,515,Nup82 complex,FG,,,,,,,,,,,,,,,,,,,,,,,,
Nup159,526,Nup159,507,Nup82 complex,FG,,,,,,,,,,,,,,,,,,,,,,,,
Nup159,538,Nup159,507,Nup82 complex,FG,,,,,,,,,,,,,,,,,,,,,,,,
Nup159,538,Nup159,515,Nup82 complex,FG,,,,,,,,,,,,,,,,,,,,,,,,
Nup159,552,Nup159,507,Nup82 complex,FG,,,,,,,,,,,,,,,,,,,,,,,,
Nup159,552,Nup159,526,Nup82 complex,FG,,,,,,,,,,,,,,,,,,,,,,,,
Nup159,717,Nup159,698,Nup82 complex,FG,,,,,,,,,,,,,,,,,,,,,,,,
Nup159,717,Nup159,744,Nup82 complex,FG,,,,,,,,,,,,,,,,,,,,,,,,
Nup159,818,Nup159,829,Nup82 complex,FG,,,,,,,,,,,,,,,,,,,,,,,,
Nup159,818,Nup159,830,Nup82 complex,FG,,,,,,,,,,,,,,,,,,,,,,,,
Nup159,823,Nup159,830,Nup82 complex,FG,,,,,,,,,,,,,,,,,,,,,,,,
Nup159,840,Nup159,829,Nup82 complex,FG,,,,,,,,,,,,,,,,,,,,,,,,
Nup159,849,Nup159,829,Nup82 complex,FG,,,,,,,,,,,,,,,,,,,,,,,,
Nup159,849,Nup159,830,Nup82 complex,FG,,,,,,,,,,,,,,,,,,,,,,,,
Nup159,851,Nup159,840,Nup82 complex,FG,,,,,,,,,,,,,,,,,,,,,,,,
Nup159,897,Nup159,908,Nup82 complex,FG,,,,,,,,,,,,,,,,,,,,,,,,
Nup159,908,Nup159,849,Nup82 complex,FG,,,,,,,,,,,,,,,,,,,,,,,,
Nup159,908,Nup159,927,Nup82 complex,FG,,,,,,,,,,,,,,,,,,,,,,,,
Nup159,918,Nup159,902,Nup82 complex,FG,,,,,,,,,,,,,,,,,,,,,,,,
Nup159,918,Nup159,927,Nup82 complex,FG,,,,,,,,,,,,,,,,,,,,,,,,
Nup159,918,Nup159,928,Nup82 complex,FG,,,,,,,,,,,,,,,,,,,,,,,,
Nup159,927,Nup159,918,Nup82 complex,FG,,,,,,,,,,,,,,,,,,,,,,,,
Nup159,935,Nup159,918,Nup82 complex,FG,,,,,,,,,,,,,,,,,,,,,,,,
Nup159,935,Nup159,927,Nup82 complex,FG,,,,,,,,,,,,,,,,,,,,,,,,
Nup159,963,Nup159,978,Nup82 complex,FG,,,,,,,,,,,,,,,,,,,,,,,,
Nup159,963,Nup159,990,Nup82 complex,FG,,,,,,,,,,,,,,,,,,,,,,,,
Nup159,972,Nup159,990,Nup82 complex,FG,,,,,,,,,,,,,,,,,,,,,,,,
Nup159,972,Nup159,992,Nup82 complex,FG,,,,,,,,,,,,,,,,,,,,,,,,
Nup159,972,Nup159,999,Nup82 complex,FG,,,,,,,,,,,,,,,,,,,,,,,,
Nup159,978,Nup159,927,Nup82 complex,FG,,,,,,,,,,,,,,,,,,,,,,,,
Nup159,978,Nup159,992,Nup82 complex,FG,,,,,,,,,,,,,,,,,,,,,,,,
Nup159,978,Nup159,999,Nup82 complex,FG,,,,,,,,,,,,,,,,,,,,,,,,
Nup159,978,Nup159,1020,Nup82 complex,FG,,,,,,,,,,,,,,,,,,,,,,,,
Nup159,990,Nup159,999,Nup82 complex,FG,,,,,,,,,,,,,,,,,,,,,,,,
Nup159,990,Nup159,1020,Nup82 complex,FG,,,,,,,,,,,,,,,,,,,,,,,,
Nup159,1019,Nup159,990,Nup82 complex,FG,,,,,,,,,,,,,,,,,,,,,,,,
Nup159,1019,Nup159,992,Nup82 complex,FG,,,,,,,,,,,,,,,,,,,,,,,,
Nup159,1019,Nup159,999,Nup82 complex,FG,,,,,,,,,,,,,,,,,,,,,,,,
Nup159,1019,Nup159,1024,Nup82 complex,FG,,,,,,,,,,,,,,,,,,,,,,,,
Nup159,1020,Nup188,875,cytoplasmic side only,FG,,,,,,,,,,,,,,,,,,,,,,,,
Nup170,563,Nup1,668,nuclear side only,,,,,,,,,,,,,,,,,,,,,,,,,
Nup188,1638,Nup1,497,nuclear side only,,,,,,,,,,,,,,,,,,,,,,,,,
Nup49,295,Nsp1,566,Nic96 complex,,,,,,,,,,,,,,,,,,,,,,,,,
Nup60,415,Nup60,365,FG,,,,,,,,,,,,,,,,,,,,,,,,,
Nup60,415,Nup60,435,FG,,,,,,,,,,,,,,,,,,,,,,,,,
Nup60,415,Nup60,442,FG,,,,,,,,,,,,,,,,,,,,,,,,,
Nup60,415,Nup60,463,FG,,,,,,,,,,,,,,,,,,,,,,,,,
Nup60,425,Nup60,440,FG,,,,,,,,,,,,,,,,,,,,,,,,,
Nup60,425,Nup60,442,FG,,,,,,,,,,,,,,,,,,,,,,,,,
Nup60,425,Nup60,463,FG,,,,,,,,,,,,,,,,,,,,,,,,,
Nup60,435,Nup60,442,FG,,,,,,,,,,,,,,,,,,,,,,,,,
Nup60,447,Nup60,415,FG,,,,,,,,,,,,,,,,,,,,,,,,,
Nup60,447,Nup60,425,FG,,,,,,,,,,,,,,,,,,,,,,,,,
Nup60,447,Nup60,440,FG,,,,,,,,,,,,,,,,,,,,,,,,,
Nup60,447,Nup60,467,FG,,,,,,,,,,,,,,,,,,,,,,,,,
Nup60,463,Nup60,440,FG,,,,,,,,,,,,,,,,,,,,,,,,,
Nup60,463,Nup60,442,FG,,,,,,,,,,,,,,,,,,,,,,,,,
Nup60,463,Nup60,476,FG,,,,,,,,,,,,,,,,,,,,,,,,,
Nup82,541,Nsp1,574,nup82,,,,,,,,,,,,,,,,,,,,,,,,,
Nup82,541,Nsp1,599,nup82,,,,,,,,,,,,,,,,,,,,,,,,,
Gle1,144,Nsp1,574,cytoplasmic side only - Nup82 complex,,,,,,,,,,,,,,,,,,,,,,,,,
Gle1,144,Nsp1,585,cytoplasmic side only - Nup82 complex,,,,,,,,,,,,,,,,,,,,,,,,,
Gle1,144,Nsp1,599,cytoplasmic side only - Nup82 complex,,,,,,,,,,,,,,,,,,,,,,,,,