Protein 1,Residue 1,Protein 2,Residue 2,p value,XLUniqueID,etc1,etc2,etc3,etc4,etc5
Gle1,53,Gle1,48,1,1,intra,,,,
Gle1,248,Gle1,236,1,2,intra,,,,
Gle1,115,Nsp1.1,613,1,3,cytoplasmic side only - Nup82 complex,,,,
Gle1,115,Nsp1.2,613,1,3,,,,,
Gle1,144,Nsp1.1,607,1,4,cytoplasmic side only - Nup82 complex,,,,
Gle1,144,Nsp1.2,607,1,4,,,,,
Gle1,144,Nsp1.1,613,1,5,cytoplasmic side only - Nup82 complex,,,,
Gle1,144,Nsp1.2,613,1,5,,,,,
Gle1,144,Nup157,1367,1,6,cytoplasmic side only,,,,
Gle1,53,Nup82.1,251,1,8,cytoplasmic side only - ambiguity,,,,
Gle1,53,Nup82.2,251,1,8,,,,,
Mlp1,663,Ndc1@11,462,1,9,nuclear side only,,,,
Mlp1,663,Ndc1@12,462,1,9,nuclear side only,,,,
Mlp1,590,Nup60,365,1,10,allow full ambiguity in the nuclear side,,,,
Mlp1,545,Nup85@11,2,1,11,nuclear side only,,,,
Mlp2,266,Nup120@11,2,1,12,nuclear side only,,,,
Ndc1,313,Ndc1,1,1,13,allow full ambiguity,,,,
Ndc1,313,Ndc1@12,1,1,13,,,,,
Ndc1,513,Ndc1,339,1,14,allow full ambiguity,,,,
Ndc1,513,Ndc1@12,339,1,14,,,,,
Ndc1,541,Ndc1,313,1,15,allow full ambiguity,,,,
Ndc1,541,Ndc1@12,313,1,15,,,,,
Ndc1@11,313,Nup170,1014,1,16,allow full ambiguity,,,,
Ndc1@11,541,Nup170,1014,1,17,allow full ambiguity,,,,
Ndc1,283,Nup59,498,1,18,allow full ambiguity,,,,
Nic96.1@11,769,Mlp2,640,1,19,nuclear side only - ambiguity,,,,
Nic96.2,617,Ndc1,185,1,20,allow full ambiguity,,,,
Nic96.1,64,Nic96.2,172,1,21,inter - ambiguity,,,,
Nic96.1,64,Nic96.2@11,172,1,21,,,,,
Nic96.2,64,Nic96.2,172,1,21,,,,,
Nic96.2,64,Nic96.2@11,172,1,21,,,,,
Nic96.1,68,Nic96.1,61,1,22,intra,,,,
Nic96.2,68,Nic96.2,61,1,10022,,,,,
Nic96.1,68,Nic96.1,64,1,23,intra,,,,
Nic96.2,68,Nic96.2,64,1,10023,,,,,
Nic96.1,157,Nic96.1,167,1,24,intra,,,,
Nic96.2,157,Nic96.2,167,1,10024,,,,,
Nic96.1,166,Nic96.1,172,1,25,intra,,,,
Nic96.2,166,Nic96.2,172,1,10025,,,,,
Nic96.1,166,Nic96.1,173,1,26,intra,,,,
Nic96.2,166,Nic96.2,173,1,10026,,,,,
Nic96.1,173,Nic96.1,167,1,27,intra,,,,
Nic96.2,173,Nic96.2,167,1,10027,,,,,
Nic96.1,181,Nic96.1,172,1,28,intra,,,,
Nic96.2,181,Nic96.2,172,1,10028,,,,,
Nic96.1,181,Nic96.1,543,1,29,intra,,,,
Nic96.2,181,Nic96.2,543,1,10029,,,,,
Nic96.1,188,Nic96.1,167,1,30,intra,,,,
Nic96.2,188,Nic96.2,167,1,10030,,,,,
Nic96.1,188,Nic96.1,172,1,31,intra,,,,
Nic96.2,188,Nic96.2,172,1,10031,,,,,
Nic96.1,188,Nic96.1,173,1,32,intra,,,,
Nic96.2,188,Nic96.2,173,1,10032,,,,,
Nic96.1,188,Nic96.1,211,1,33,intra,,,,
Nic96.2,188,Nic96.2,211,1,10033,,,,,
Nic96.1,188,Nic96.1,527,1,34,intra,,,,
Nic96.2,188,Nic96.2,527,1,10034,,,,,
Nic96.1,188,Nic96.1,543,1,35,intra,,,,
Nic96.2,188,Nic96.2,543,1,10035,,,,,
Nic96.1,543,Nic96.1,173,1,36,intra,,,,
Nic96.2,543,Nic96.2,173,1,10036,,,,,
Nic96.1,21,Nup100.1,814,1,37,cytoplasmic side only - ambiguity,,,,
Nic96.1,21,Nup100.2,814,1,37,,,,,
Nic96.2,21,Nup100.1,814,1,37,,,,,
Nic96.2,21,Nup100.2,814,1,37,,,,,
Nic96.2@11,21,Nup100.1,814,1,37,,,,,
Nic96.2@11,21,Nup100.2,814,1,37,,,,,
Nic96.1@11,526,Nup145.1,301,1,38,nuclear side only - ambiguity,,,,
Nic96.1@11,526,Nup145.2,301,1,38,,,,,
Nic96.2,526,Nup145.1,301,1,38,,,,,
Nic96.2,526,Nup145.2,301,1,38,,,,,
Nic96.2@11,526,Nup145.1,301,1,38,,,,,
Nic96.2@11,526,Nup145.2,301,1,38,,,,,
Nic96.1,134,Nup145c,309,1,39,,,,,
Nic96.1,617,Nup157,1367,1,40,Nic96.1 complex - Nup188 - Nup157,,,,
Nic96.1,709,Nup157,1274,1,41,Nic96.1 complex - Nup188 - Nup157,,,,
Nic96.2@11,211,Nup170,1014,1,42,Nic96.2 complex - Nup192 - Nup170,,,,
Nic96.2@11,211,Nup170,1144,1,43,Nic96.2 complex - Nup192 - Nup170,,,,
Nic96.1,152,Nup188,1653,1,44,Nic96.1 complex - Nup188,,,,
Nic96.1,291,Nup188,990,1,45,Nic96.1 complex - Nup188,,,,
Nic96.1,291,Nup188@2,990,1,45,,,,,
Nic96.2,291,Nup188,990,1,45,,,,,
Nic96.2,188,Nup192,1471,1,46,Nic96.2 complex - Nup192,,,,
Nic96.2@11,188,Nup192,1471,1,46,,,,,
Nic96.1,9,Nup49.1,332,1,47,nic96 complex,,,,
Nic96.2,9,Nup49.1,332,1,47,,,,,
Nic96.1,68,Nup49.1,463,1,48,within the same nic96 complex,,,,
Nic96.2,68,Nup49.2,463,1,10048,,,,,
Nic96.1,88,Nup49.1,463,1,49,within the same nic96 complex,,,,
Nic96.2,88,Nup49.2,463,1,10049,,,,,
Nic96.1,306,Nup53,383,1,50,allow full ambiguity,,,,
Nic96.2,306,Nup53,383,1,50,,,,,
Nic96.1,9,Nup57.1,400,1,51,nic96 complex,,,,
Nic96.2,9,Nup57.1,400,1,51,,,,,
Nsp1.4,692,Mlp2,251,1,52,nuclear side only - Full ambiguity,,,,
Nsp1.3@11,692,Mlp2,251,1,52,,,,,
Nsp1.4@11,692,Mlp2,251,1,52,,,,,
Nsp1.3,692,Nic96.1,1,1,54,nic96 complex,,,,
Nsp1.3,692,Nic96.2,1,1,54,,,,,
Nsp1.3,816,Nic96.1,61,1,55,within the same nic96 complex,,,,
Nsp1.4,816,Nic96.2,61,1,10055,,,,,
Nsp1.1,643,Nsp1.1,623,1,56,FG,,,,
Nsp1.2,643,Nsp1.2,623,1,10056,,,,,
Nsp1.3,643,Nsp1.3,623,1,20056,,,,,
Nsp1.4,643,Nsp1.4,623,1,30056,,,,,
Nsp1.1,643,Nsp1.1,628,1,57,FG,,,,
Nsp1.2,643,Nsp1.2,628,1,10057,,,,,
Nsp1.3,643,Nsp1.3,628,1,20057,,,,,
Nsp1.4,643,Nsp1.4,628,1,30057,,,,,
Nsp1.3,717,Nsp1.4,623,1,58,nic96 complex - intra,,,,
Nsp1.3@11,661,Nup145.1,264,1,59,nuclear side only,,,,
Nsp1.3@11,661,Nup145.2,264,1,59,,,,,
Nsp1.4@11,661,Nup145.1,264,1,59,,,,,
Nsp1.4@11,661,Nup145.2,264,1,59,,,,,
Nsp1.1,623,Nup159.1,1191,1,60,Nup82 complex,,,,
Nsp1.1,623,Nup159.2,1191,1,60,,,,,
Nsp1.2,623,Nup159.1,1191,1,60,,,,,
Nsp1.1,623,Nup159.2,1191,1,10060,,,,,
Nsp1.2,623,Nup159.1,1191,1,10060,,,,,
Nsp1.2,623,Nup159.2,1191,1,10060,,,,,
Nsp1.4,607,Nup188,70,1,61,allow full ambiguity,,,,
Nsp1.3,607,Nup188@2,70,1,61,allow inter-spoke,,,,
Nsp1.1,607,Nup188,70,1,61,Nup82 complex,,,,
Nsp1.2,607,Nup188,70,1,61,Nup82 complex,,,,
Nsp1.4,607,Nup188,981,1,62,allow full ambiguity,,,,
Nsp1.3,607,Nup188@2,981,1,62,allow inter-spoke,,,,
Nsp1.1,607,Nup188,981,1,62,Nup82 complex,,,,
Nsp1.2,607,Nup188,981,1,62,Nup82 complex,,,,
Nsp1.4,635,Nup192,43,1,63,Nic96.2 complex - Nup192,,,,
Nsp1.3@3,635,Nup192,43,1,63,allow inter-spoke,,,,
Nsp1.3,717,Nup49.2,286,1,64,nic96 complex,,,,
Nsp1.4,607,Nup57.1,400,1,65,nic96 complex,,,,
Nsp1.4,613,Nup57.1,400,1,66,nic96 complex,,,,
Nsp1.4,623,Nup57.1,400,1,67,nic96 complex,,,,
Nsp1.4,623,Nup57.1,414,1,68,nic96 complex,,,,
Nsp1.3,692,Nup57.1,342,1,69,nic96 complex,,,,
Nsp1.3,692,Nup57.2,342,1,69,,,,,
Nsp1.3,692,Nup57.2@11,342,1,69,,,,,
Nsp1.4,692,Nup57.1@11,342,1,69,,,,,
Nsp1.1,816,Nup85,2,1,70,Nup82-Nup84 complex connection,,,,
Nsp1.2,816,Nup85,2,1,70,,,,,
Nup1,248,Nup1,239,1,71,intra,,,,
Nup1,248,Nup1,283,1,72,intra,,,,
Nup1,248,Nup1,288,1,73,intra,,,,
Nup1,288,Nup1,230,1,74,intra,,,,
Nup1,288,Nup1,318,1,75,intra,,,,
Nup1,296,Nup1,283,1,76,intra,,,,
Nup1,296,Nup1,318,1,77,intra,,,,
Nup1,296,Nup145.1,376,1,78,re-assigned,Nup100,717,,
Nup1,296,Nup145.2,376,1,78,,,,,
Nup1,296,Nup188@11,48,1,79,nuclear side only,,,,
Nup100.1,930,Ndc1,1,1,80,cytoplasmic side only - allow ambiguity,,,,
Nup100.2,930,Ndc1,1,1,80,,,,,
Nup100.1,628,Nic96.1,9,1,81,cytoplasmic side only - allow ambiguity,,,,
Nup100.1,628,Nic96.2,9,1,81,,,,,
Nup100.1,628,Nic96.2@11,9,1,81,,,,,
Nup100.2,628,Nic96.1,9,1,81,,,,,
Nup100.2,628,Nic96.2,9,1,81,,,,,
Nup100.2,628,Nic96.2@11,9,1,81,,,,,
Nup100.1,633,Nic96.1,9,1,82,cytoplasmic side only - allow ambiguity,,,,
Nup100.1,633,Nic96.2,9,1,82,,,,,
Nup100.1,633,Nic96.2@11,9,1,82,,,,,
Nup100.2,633,Nic96.1,9,1,82,,,,,
Nup100.2,633,Nic96.2,9,1,82,,,,,
Nup100.2,633,Nic96.2@11,9,1,82,,,,,
Nup100.1,633,Nsp1.3,661,1,83,cytoplasmic side only - allow ambiguity,,,,
Nup100.1,633,Nsp1.4,661,1,83,,,,,
Nup100.1,633,Nsp1.4@11,661,1,83,,,,,
Nup100.2,633,Nsp1.3,661,1,83,,,,,
Nup100.2,633,Nsp1.4,661,1,83,,,,,
Nup100.2,633,Nsp1.4@11,661,1,83,,,,,
Nup145.1,581,Nup1,348,1,84,Re-assigned,Nup100,925,Nup1,348
Nup145.2,581,Nup1,348,1,84,,,,,
Nup145.1,574,Nup1,348,1,85,Re-assigned ,Nup100,932,Nup1,348
Nup145.2,574,Nup1,348,1,85,,,,,
Nup100.1,653,Nup100.1,633,1,86,intra,,,,
Nup100.2,653,Nup100.2,633,1,10086,,,,,
Nup100.1,665,Nup100.1,671,1,87,intra,,,,
Nup100.2,665,Nup100.2,671,1,10087,,,,,
Nup100.1,717,Nup100.1,709,1,88,intra,,,,
Nup100.2,717,Nup100.2,709,1,10088,,,,,
Nup100.1,717,Nup100.1,733,1,89,intra,,,,
Nup100.2,717,Nup100.2,733,1,10089,,,,,
Nup100.1,731,Nup100.1,709,1,90,intra,,,,
Nup100.2,731,Nup100.2,709,1,10090,,,,,
Nup100.1,733,Nup100.1,709,1,91,intra,,,,
Nup100.2,733,Nup100.2,709,1,10091,,,,,
Nup100.1,733,Nup100.1,717,1,92,intra,,,,
Nup100.2,733,Nup100.2,717,1,10092,,,,,
Nup100.1,744,Nup100.1,760,1,93,intra,,,,
Nup100.2,744,Nup100.2,760,1,10093,,,,,
Nup100.1,760,Nup100.1,744,1,94,intra,,,,
Nup100.2,760,Nup100.2,744,1,10094,,,,,
Nup100.1,760,Nup100.1,914,1,95,Nup100,760,Nup116,1067,
Nup100.1,760,Nup100.2,914,1,95,dimer,,,,
Nup100.2,760,Nup100.1,914,1,95,dimer,,,,
Nup100.2,760,Nup100.2,914,1,95,,,,,
Nup100.1,760,Nup116.1,1067,1,95,?,,,,
Nup100.2,760,Nup116.2,1067,1,95,?,,,,
Nup100.1,760,Nup100.1,917,1,96,intra,,,,
Nup100.1,760,Nup100.2,917,1,96,dimer,,,,
Nup100.2,760,Nup100.1,917,1,96,dimer,,,,
Nup100.2,760,Nup100.2,917,1,96,,,,,
Nup100.1,769,Nup100.1,756,1,97,intra,,,,
Nup100.2,769,Nup100.2,756,1,10097,,,,,
Nup100.1,769,Nup100.1,914,1,98,Nup100,769,Nup116,1067,
Nup100.1,769,Nup100.2,914,1,98,dimer,,,,
Nup100.2,769,Nup100.1,914,1,98,dimer,,,,
Nup100.2,769,Nup100.2,914,1,98,,,,,
Nup100.1,769,Nup116.1,1067,1,98,?,,,,
Nup100.2,769,Nup116.2,1067,1,98,?,,,,
Nup100.1,769,Nup100.1,917,1,99,intra,,,,
Nup100.1,769,Nup100.2,917,1,99,dimer,,,,
Nup100.2,769,Nup100.1,917,1,99,dimer,,,,
Nup100.2,769,Nup100.2,917,1,99,,,,,
Nup100.1,801,Nup100.1,914,1,100,intra,,,,
Nup100.1,801,Nup100.2,914,1,100,dimer,,,,
Nup100.2,801,Nup100.1,914,1,100,dimer,,,,
Nup100.2,801,Nup100.2,914,1,100,,,,,
Nup100.1,801,Nup100.1,917,1,101,intra,,,,
Nup100.1,801,Nup100.2,917,1,101,dimer,,,,
Nup100.2,801,Nup100.1,917,1,101,dimer,,,,
Nup100.2,801,Nup100.2,917,1,101,,,,,
Nup100.1,849,Nup100.1,801,1,102,intra,,,,
Nup100.2,849,Nup100.2,801,1,102,,,,,
Nup100.1,717,Nup116.1,856,1,103,cytoplasmic side only - allow ambiguity,,,,
Nup100.1,717,Nup116.2,856,1,103,,,,,
Nup100.2,717,Nup116.1,856,1,103,,,,,
Nup100.2,717,Nup116.2,856,1,103,,,,,
Nup100.1,744,Nup116.1,852,1,104,cytoplasmic side only - allow ambiguity,,,,
Nup100.1,744,Nup116.2,852,1,104,,,,,
Nup100.2,744,Nup116.1,852,1,104,,,,,
Nup100.2,744,Nup116.2,852,1,104,,,,,
Nup100.1,760,Nup116.1,924,1,105,cytoplasmic side only - allow ambiguity,,,,
Nup100.1,760,Nup116.2,924,1,105,,,,,
Nup100.2,760,Nup116.1,924,1,105,,,,,
Nup100.2,760,Nup116.2,924,1,105,,,,,
Nup100.1,760,Nup188,527,1,106,cytoplasmic side only - allow ambiguity,,,,
Nup100.2,760,Nup188,527,1,106,,,,,
Nup100.1,639,Nup192,1369,1,107,cytoplasmic side only - allow ambiguity,,,,
Nup100.2,639,Nup192,1369,1,107,,,,,
Nup145.1,329,Seh1@11,212,1,108,"This residue is located in the same face of Seh1 that should contact the Nup82 complex, so this XL is not compatible with being identifying a cytoplasmic side contact",Nup100,668,Seh1,212
Nup116.1,1070,Gle1,48,1,109,cytoplasmic side only - allow ambiguity,,,,
Nup116.2,1070,Gle1,48,1,109,,,,,
Nup116.1,753,Nic96.1,9,1,110,cytoplasmic side only - allow ambiguity,,,,
Nup116.1,753,Nic96.2,9,1,110,,,,,
Nup116.1,753,Nic96.2@11,9,1,110,,,,,
Nup116.2,753,Nic96.1,9,1,110,,,,,
Nup116.2,753,Nic96.2,9,1,110,,,,,
Nup116.2,753,Nic96.2@11,9,1,110,,,,,
Nup116.1,796,Nup100.1,668,1,111,cytoplasmic side only - allow ambiguity,,,,
Nup116.1,796,Nup100.2,668,1,111,,,,,
Nup116.2,796,Nup100.1,668,1,111,,,,,
Nup116.2,796,Nup100.2,668,1,111,,,,,
Nup116.1,796,Nup100.1,671,1,112,cytoplasmic side only - allow ambiguity,,,,
Nup116.1,796,Nup100.2,671,1,112,,,,,
Nup116.2,796,Nup100.1,671,1,112,,,,,
Nup116.2,796,Nup100.2,671,1,112,,,,,
Nup116.1,842,Nup100.1,709,1,113,cytoplasmic side only - allow ambiguity,,,,
Nup116.1,842,Nup100.2,709,1,113,,,,,
Nup116.2,842,Nup100.1,709,1,113,,,,,
Nup116.2,842,Nup100.2,709,1,113,,,,,
Nup116.1,852,Nup100.1,709,1,114,cytoplasmic side only - allow ambiguity,,,,
Nup116.1,852,Nup100.2,709,1,114,,,,,
Nup116.2,852,Nup100.1,709,1,114,,,,,
Nup116.2,852,Nup100.2,709,1,114,,,,,
Nup116.1,856,Nup100.1,709,1,115,cytoplasmic side only - allow ambiguity,,,,
Nup116.1,856,Nup100.2,709,1,115,,,,,
Nup116.2,856,Nup100.1,709,1,115,,,,,
Nup116.2,856,Nup100.2,709,1,115,,,,,
Nup116.1,885,Nup100.1,836,1,116,cytoplasmic side only - allow ambiguity,,,,
Nup116.1,885,Nup100.2,836,1,116,,,,,
Nup116.2,885,Nup100.1,836,1,116,,,,,
Nup116.2,885,Nup100.2,836,1,116,,,,,
Nup116.1,770,Nup116.1,777,1,117,intra,,,,
Nup116.2,770,Nup116.2,777,1,10117,,,,,
Nup116.1,770,Nup116.1,778,1,118,intra,,,,
Nup116.2,770,Nup116.2,778,1,10118,,,,,
Nup116.1,777,Nup116.1,772,1,119,intra,,,,
Nup116.2,777,Nup116.2,772,1,10119,,,,,
Nup116.1,778,Nup116.1,772,1,120,intra,,,,
Nup116.2,778,Nup116.2,772,1,10120,,,,,
Nup116.1,796,Nup116.1,810,1,121,intra,,,,
Nup116.2,796,Nup116.2,810,1,10121,,,,,
Nup116.1,814,Nup116.1,798,1,122,intra,,,,
Nup116.2,814,Nup116.2,798,1,10122,,,,,
Nup116.1,822,Nup116.1,810,1,123,intra,,,,
Nup116.2,822,Nup116.2,810,1,10123,,,,,
Nup116.1,822,Nup116.1,814,1,124,intra,,,,
Nup116.2,822,Nup116.2,814,1,10124,,,,,
Nup116.1,842,Nup116.1,856,1,125,intra,,,,
Nup116.2,842,Nup116.2,856,1,10125,,,,,
Nup116.1,852,Nup116.1,856,1,126,intra,,,,
Nup116.2,852,Nup116.2,856,1,10126,,,,,
Nup116.1,852,Nup116.1,863,1,127,intra,,,,
Nup116.2,852,Nup116.2,863,1,10127,,,,,
Nup116.1,856,Nup116.1,863,1,128,intra,,,,
Nup116.2,856,Nup116.2,863,1,10128,,,,,
Nup116.1,885,Nup116.1,852,1,130,intra,,,,
Nup116.2,885,Nup116.2,852,1,10130,,,,,
Nup116.1,885,Nup116.1,856,1,131,intra,,,,
Nup116.2,885,Nup116.2,856,1,10131,,,,,
Nup116.1,885,Nup116.1,863,1,132,intra,,,,
Nup116.2,885,Nup116.2,863,1,10132,,,,,
Nup116.1,885,Nup116.1,901,1,133,intra,,,,
Nup116.2,885,Nup116.2,901,1,10133,,,,,
Nup116.1,885,Nup116.1,924,1,134,intra,,,,
Nup116.2,885,Nup116.2,924,1,10134,,,,,
Nup116.1,885,Nup116.1,1067,1,135,allow ambiguity,,,,
Nup116.1,885,Nup116.2,1067,1,135,dimer,,,,
Nup116.2,885,Nup116.1,1067,1,135,dimer,,,,
Nup116.2,885,Nup116.2,1067,1,135,,,,,
Nup116.1,895,Nup116.1,901,1,136,intra,,,,
Nup116.2,895,Nup116.2,901,1,10136,,,,,
Nup116.1,895,Nup116.1,1067,1,137,allow ambiguity,,,,
Nup116.1,895,Nup116.2,1067,1,137,dimer,,,,
Nup116.2,895,Nup116.1,1067,1,137,dimer,,,,
Nup116.2,895,Nup116.2,1067,1,137,,,,,
Nup116.1,897,Nup116.1,895,1,138,intra,,,,
Nup116.2,897,Nup116.2,895,1,10138,,,,,
Nup116.1,897,Nup116.1,924,1,139,intra,,,,
Nup116.2,897,Nup116.2,924,1,10139,,,,,
Nup116.1,915,Nup116.1,895,1,140,intra,,,,
Nup116.2,915,Nup116.2,895,1,10140,,,,,
Nup116.1,915,Nup116.1,901,1,141,intra,,,,
Nup116.2,915,Nup116.2,901,1,10141,,,,,
Nup116.1,924,Nup116.1,895,1,143,intra,,,,
Nup116.2,924,Nup116.2,895,1,10143,,,,,
Nup116.1,924,Nup116.1,901,1,144,intra,,,,
Nup116.2,924,Nup116.2,901,1,10144,,,,,
Nup116.1,924,Nup116.1,943,1,145,intra,,,,
Nup116.2,924,Nup116.2,943,1,10145,,,,,
Nup116.1,924,Nup116.1,951,1,146,intra,,,,
Nup116.2,924,Nup116.2,951,1,10146,,,,,
Nup116.1,924,Nup116.1,952,1,147,intra,,,,
Nup116.2,924,Nup116.2,952,1,10147,,,,,
Nup116.1,924,Nup116.1,989,1,148,allow ambiguity,,,,
Nup116.1,924,Nup116.2,989,1,148,,,,,
Nup116.2,924,Nup116.1,989,1,148,,,,,
Nup116.2,924,Nup116.2,989,1,148,,,,,
Nup116.1,935,Nup116.1,924,1,149,intra,,,,
Nup116.2,935,Nup116.2,924,1,10149,,,,,
Nup116.1,943,Nup116.1,1067,1,151,allow ambiguity,,,,
Nup116.1,943,Nup116.2,1067,1,151,dimer,,,,
Nup116.2,943,Nup116.1,1067,1,151,dimer,,,,
Nup116.2,943,Nup116.2,1067,1,151,,,,,
Nup116.1,951,Nup116.1,989,1,152,intra,,,,
Nup116.2,951,Nup116.2,989,1,10152,,,,,
Nup116.1,952,Nup116.1,1070,1,153,allow ambiguity,,,,
Nup116.1,952,Nup116.2,1070,1,153,dimer,,,,
Nup116.2,952,Nup116.1,1070,1,153,dimer,,,,
Nup116.2,952,Nup116.2,1070,1,153,,,,,
Nup116.1,961,Nup116.1,998,1,154,intra,,,,
Nup116.2,961,Nup116.2,998,1,10154,,,,,
Nup116.1,1067,Nup116.1,901,1,155,allow ambiguity,,,,
Nup116.1,1067,Nup116.2,901,1,155,dimer,,,,
Nup116.2,1067,Nup116.1,901,1,155,dimer,,,,
Nup116.2,1067,Nup116.2,901,1,155,,,,,
Nup116.1,1067,Nup116.1,951,1,156,intra,,,,
Nup116.1,1067,Nup116.2,951,1,156,dimer,,,,
Nup116.2,1067,Nup116.1,951,1,156,dimer,,,,
Nup116.2,1067,Nup116.2,951,1,156,,,,,
Nup116.1,1067,Nup116.1,952,1,157,intra,,,,
Nup116.1,1067,Nup116.2,952,1,157,dimer,,,,
Nup116.2,1067,Nup116.1,952,1,157,dimer,,,,
Nup116.2,1067,Nup116.2,952,1,157,,,,,
Nup116.1,1070,Nup116.1,951,1,158,intra,,,,
Nup116.1,1070,Nup116.2,951,1,158,dimer,,,,
Nup116.2,1070,Nup116.1,951,1,158,dimer,,,,
Nup116.2,1070,Nup116.2,951,1,158,,,,,
Nup116.1,1067,Nup159.1,1460,1,160,cytoplasmic side only - allow ambiguity,,,,
Nup116.2,1067,Nup159.2,1460,1,10160,,,,,
Nup116.1,842,Nup188,527,1,161,cytoplasmic side only - allow ambiguity,,,,
Nup116.2,842,Nup188,527,1,161,,,,,
Nup116.1,852,Nup188,525,1,162,cytoplasmic side only - allow ambiguity,,,,
Nup116.2,852,Nup188,525,1,162,,,,,
Nup116.1,852,Nup188,527,1,163,cytoplasmic side only - allow ambiguity,,,,
Nup116.2,852,Nup188,527,1,163,,,,,
Nup116.1,856,Nup188,1394,1,164,cytoplasmic side only - allow ambiguity,,,,
Nup116.2,856,Nup188,1394,1,164,,,,,
Nup116.1,885,Nup188,1178,1,165,cytoplasmic side only - allow ambiguity,,,,
Nup116.2,885,Nup188,1178,1,165,,,,,
Nup116.1,770,Nup192,1,1,166,cytoplasmic side only - allow ambiguity,,,,
Nup116.2,770,Nup192,1,1,166,,,,,
Nup116.1,753,Nup57.1,382,1,167,cytoplasmic side only - allow ambiguity,,,,
Nup116.1,753,Nup57.2,382,1,167,,,,,
Nup116.1,753,Nup57.2@11,382,1,167,,,,,
Nup116.2,753,Nup57.1,382,1,167,,,,,
Nup116.2,753,Nup57.2,382,1,167,,,,,
Nup116.2,753,Nup57.2@11,382,1,167,,,,,
Nup116.1,770,Nup57.1,382,1,168,cytoplasmic side only - allow ambiguity,,,,
Nup116.1,770,Nup57.2,382,1,168,,,,,
Nup116.1,770,Nup57.2@11,382,1,168,,,,,
Nup116.2,770,Nup57.1,382,1,168,,,,,
Nup116.2,770,Nup57.2,382,1,168,,,,,
Nup116.2,770,Nup57.2@11,382,1,168,,,,,
Nup116.1,935,Nup82.1,587,1,169,allow ambiguity,,,,
Nup116.2,935,Nup82.2,587,1,10169,,,,,
Nup120@2,217,Nup133,239,1,170,inter Nup84 to contiguous Nup84 complex IMPORTANT to include,,,,
Nup120@2,431,Nup133,191,1,171,inter Nup84 to contiguous Nup84 complex IMPORTANT to include,,,,
Nup120,735,Nup188,1052,1,172,regular ?,,,,
Nup133@11,856,Mlp1,454,1,173,nuclear side only,,,,
Nup133,590,Nup85@2,669,1,174,inter Nup84 to contiguous Nup84 complex IMPORTANT to include,,,,
Nup145.1,258,Nic96.1@11,9,1,175,nuclear side only,,,,
Nup145.1,258,Nic96.2,9,1,175,,,,,
Nup145.1,258,Nic96.2@11,9,1,175,,,,,
Nup145.2,258,Nic96.1@11,9,1,175,,,,,
Nup145.2,258,Nic96.2,9,1,175,,,,,
Nup145.2,258,Nic96.2@11,9,1,175,,,,,
Nup145.1,258,Nsp1.3@11,661,1,176,nuclear side only,,,,
Nup145.1,258,Nsp1.4,661,1,176,,,,,
Nup145.1,258,Nsp1.4@11,661,1,176,,,,,
Nup145.2,258,Nsp1.3@11,661,1,176,,,,,
Nup145.2,258,Nsp1.4,661,1,176,,,,,
Nup145.2,258,Nsp1.4@11,661,1,176,,,,,
Nup145.1,258,Nup145.1,301,1,177,allow full ambiguity,,,,
Nup145.2,258,Nup145.2,301,1,10177,,,,,
Nup145.1,264,Nup145.1,301,1,178,allow full ambiguity,,,,
Nup145.2,264,Nup145.2,301,1,10178,,,,,
Nup145.1,384,Nup145.1,372,1,179,allow full ambiguity,,,,
Nup145.2,384,Nup145.2,372,1,10179,,,,,
Nup145.1,384,Nup145.1,381,1,180,allow full ambiguity,,,,
Nup145.2,384,Nup145.2,381,1,10180,,,,,
Nup145.1,394,Nup145.1,381,1,181,allow full ambiguity,,,,
Nup145.2,394,Nup145.2,381,1,10181,,,,,
Nup145.1,394,Nup145.1,421,1,182,Nup145,394,Nup2,195,Ignore
Nup145.2,394,Nup145.2,421,1,10182,,,,,
Nup145.1,395,Nup145.1,381,1,183,allow full ambiguity,,,,
Nup145.2,395,Nup145.2,381,1,10183,,,,,
Nup145.1,395,Nup145.1,384,1,184,allow full ambiguity,,,,
Nup145.2,395,Nup145.2,384,1,10184,,,,,
Nup145.1,436,Nup145.1,421,1,185,Nup145,436,Nup2,195,Ignore
Nup145.2,436,Nup145.2,421,1,10185,,,,,
Nup145.1,436,Nup145.1,565,1,186,intra,,,,
Nup145.1,436,Nup145.2,565,1,186,dimer,,,,
Nup145.2,436,Nup145.1,565,1,186,dimer,,,,
Nup145.2,436,Nup145.2,565,1,186,,,,,
Nup145.1,444,Nup145.1,421,1,187,Nup145,444,Nup2,195,Ignore
Nup145.2,444,Nup145.2,421,1,10187,,,,,
Nup145.1,444,Nup145.1,562,1,188,intra,,,,
Nup145.1,444,Nup145.2,562,1,188,dimer,,,,
Nup145.2,444,Nup145.1,562,1,188,dimer,,,,
Nup145.2,444,Nup145.2,562,1,188,,,,,
Nup145.1,444,Nup145.1,565,1,189,intra,,,,
Nup145.1,444,Nup145.2,565,1,189,dimer,,,,
Nup145.2,444,Nup145.1,565,1,189,dimer,,,,
Nup145.2,444,Nup145.2,565,1,189,,,,,
Nup145.1,455,Nup145.1,565,1,190,intra,,,,
Nup145.1,455,Nup145.2,565,1,190,dimer,,,,
Nup145.2,455,Nup145.1,565,1,190,dimer,,,,
Nup145.2,455,Nup145.2,565,1,190,,,,,
Nup145.1,565,Nup145.1,421,1,191,Nup145,565,Nup2,195,Ignore
Nup145.1,565,Nup145.2,421,1,191,dimer,,,,
Nup145.2,565,Nup145.1,421,1,191,dimer,,,,
Nup145.2,565,Nup145.2,421,1,191,,,,,
Nup145.1,476,Nup145c@11,39,1,192,between N145N and N145C,,,,
Nup145.1,382,Nup157@11,1194,1,193,nuclear side only,,,,
Nup145.2,382,Nup157@11,1194,1,193,,,,,
Nup145.1,384,Nup157@11,1189,1,194,nuclear side only,,,,
Nup145.2,384,Nup157@11,1189,1,194,,,,,
Nup145.1,384,Nup157@11,1194,1,195,nuclear side only,,,,
Nup145.2,384,Nup157@11,1194,1,195,,,,,
Nup145.1,394,Nup157@11,1189,1,196,nuclear side only,,,,
Nup145.2,394,Nup157@11,1189,1,196,,,,,
Nup145.1,395,Nup157@11,1189,1,197,nuclear side only,,,,
Nup145.2,395,Nup157@11,1189,1,197,,,,,
Nup145.1,395,Nup188@11,527,1,198,nuclear side only,,,,
Nup145.2,395,Nup188@11,527,1,198,,,,,
Nup145.1,258,Nup49.1@11,317,1,199,nuclear side only,,,,
Nup145.1,258,Nup49.2,317,1,199,,,,,
Nup145.1,258,Nup49.2@11,317,1,199,,,,,
Nup145.2,258,Nup49.1@11,317,1,199,,,,,
Nup145.2,258,Nup49.2,317,1,199,,,,,
Nup145.2,258,Nup49.2@11,317,1,199,,,,,
Nup145.1,258,Nup49.1@11,463,1,200,nuclear side only,,,,
Nup145.1,258,Nup49.2,463,1,200,,,,,
Nup145.1,258,Nup49.2@11,463,1,200,,,,,
Nup145.2,258,Nup49.1@11,463,1,200,,,,,
Nup145.2,258,Nup49.2,463,1,200,,,,,
Nup145.2,258,Nup49.2@11,463,1,200,,,,,
Nup157,962,Nic96.2,266,1,201,,,,,
Nup157,1040,Nic96.2,266,1,202,,,,,
Nup157@11,1085,Nup145.1,301,1,203,nuclear side only,,,,
Nup157@11,1085,Nup145.2,301,1,203,,,,,
Nup157@11,1229,Nup145.1,370,1,204,nuclear side only,,,,
Nup157@11,1229,Nup145.2,370,1,204,,,,,
Nup157@11,1229,Nup145.1,372,1,205,nuclear side only,,,,
Nup157@11,1229,Nup145.2,372,1,205,,,,,
Nup157,40,Nup157,56,1,206,intra,16.32470551,,,
Nup157,553,Nup157,56,1,215,intra,16.90212237,,,
Nup157,976,Nup170,1475,1,221,allow full ambiguity,,,,
Nup157,732,Pom152,81,1,222,allow full ambiguity,,,,
Nup157,316,Pom34,48,1,223,allow full ambiguity,,,,
Nup159.1,1198,Gle1,134,1,224,cytoplasmic only,,,,
Nup159.2,1198,Gle1,134,1,224,,,,,
Nup159.1,1198,Nsp1.1,607,1,225,Nup82 complex,,,,
Nup159.1,1198,Nsp1.2,607,1,225,,,,,
Nup159.2,1198,Nsp1.1,607,1,225,,,,,
Nup159.1,1198,Nsp1.2,607,1,10225,,,,,
Nup159.2,1198,Nsp1.1,607,1,10225,,,,,
Nup159.2,1198,Nsp1.2,607,1,10225,,,,,
Nup159.1,1198,Nsp1.1,613,1,226,Nup82 complex,,,,
Nup159.1,1198,Nsp1.2,613,1,226,,,,,
Nup159.2,1198,Nsp1.1,613,1,226,,,,,
Nup159.1,1198,Nsp1.2,613,1,10226,,,,,
Nup159.2,1198,Nsp1.1,613,1,10226,,,,,
Nup159.2,1198,Nsp1.2,613,1,10226,,,,,
Nup159.1,1198,Nsp1.1,623,1,227,Nup82 complex,,,,
Nup159.1,1198,Nsp1.2,623,1,227,,,,,
Nup159.2,1198,Nsp1.1,623,1,227,,,,,
Nup159.1,1198,Nsp1.2,623,1,10227,,,,,
Nup159.2,1198,Nsp1.1,623,1,10227,,,,,
Nup159.2,1198,Nsp1.2,623,1,10227,,,,,
Nup159.1,1397,Nup145c,91,1,228,cytoplasmic side Nup82-Nup84 complex,,,,
Nup159.2,1397,Nup145c,91,1,228,,,,,
Nup159.1,1314,Nup53,358,1,229,allow full ambiguity - Very important for the Nup82 complex configuration,,,,
Nup159.2,1314,Nup53,358,1,229,,,,,
Nup159.1,1400,Nup59,112,1,230,allow full ambiguity - Very important for the Nup82 complex configuration,,,,
Nup159.2,1400,Nup59,112,1,230,,,,,
Nup159.1,1367,Seh1,244,1,231,cytoplasmic side Nup82-Nup84 complex,,,,
Nup159.2,1367,Seh1,244,1,231,,,,,
Nup159.1,1372,Seh1,244,1,232,cytoplasmic side Nup82-Nup84 complex,,,,
Nup159.2,1372,Seh1,244,1,232,,,,,
Nup159.1,1384,Seh1,198,1,233,cytoplasmic side Nup82-Nup84 complex,,,,
Nup159.2,1384,Seh1,198,1,233,,,,,
Nup159.1,1387,Seh1,198,1,234,cytoplasmic side Nup82-Nup84 complex,,,,
Nup159.2,1387,Seh1,198,1,234,,,,,
Nup170,99,Mlp1,566,1,235,nuclear side only,,,,
Nup170,99,Mlp1,568,1,236,nuclear side only,,,,
Nup170,1126,Nic96.2@11,211,1,237,,,,,
Nup170,1140,Nic96.2@11,211,1,238,,,,,
Nup170,1209,Nic96.2@11,167,1,239,,,,,
Nup170,1209,Nic96.2@11,173,1,240,,,,,
Nup170@11,1295,Nup145.1,384,1,241,nuclear side only,,,,
Nup170@11,1295,Nup145.2,384,1,241,,,,,
Nup170,490,Nup170,946,1,245,inter - allow full ambiguity,,,,
Nup170,490,Nup170@13,946,1,245,,,,,
Nup170,818,Nup170,1014,1,261,between N and C domains,,,,
Nup170,977,Nup170,1014,1,262,between N and C domains,,,,
Nup170,385,Nup53@11,435,1,273,allow full ambiguity,,,,
Nup170,818,Nup53@11,435,1,274,allow full ambiguity,,,,
Nup170,1173,Pom34,209,1,275,allow full ambiguity,,,,
Nup170,1173,Pom34,217,1,276,allow full ambiguity,,,,
Nup188,981,Nic96.1,9,1,277,Nic96.1 complex - Nup188,,,,
Nup188,981,Nic96.2,9,1,277,,,,,
Nup188,1638,Nic96.1,1,1,278,Nic96.1 complex - Nup188,,,,
Nup188,1638,Nic96.2,1,1,278,,,,,
Nup188,1653,Nic96.1,167,1,279,Nic96.1 complex - Nup188,,,,
Nup188,423,Nup100.1,709,1,280,cytoplasmic side only,,,,
Nup188,423,Nup100.2,709,1,280,,,,,
Nup188,70,Nup116.1,772,1,281,cytoplasmic side only,,,,
Nup188,70,Nup116.2,772,1,281,,,,,
Nup188,70,Nup116.1,778,1,282,cytoplasmic side only,,,,
Nup188,70,Nup116.2,778,1,282,,,,,
Nup188,423,Nup116.1,852,1,283,cytoplasmic side only,,,,
Nup188,423,Nup116.2,852,1,283,,,,,
Nup188,423,Nup116.1,856,1,284,cytoplasmic side only,,,,
Nup188,423,Nup116.2,856,1,284,,,,,
Nup188@11,1216,Nup145.1,301,1,285,nuclear side only,,,,
Nup188@11,1216,Nup145.1,301,1,285,,,,,
Nup188,527,Nup157,1,1,286,allow full ambiguity,,,,
Nup188,869,Nup192,1369,1,300,allow full ambiguity,,,,
Nup188,869,Nup192,1374,1,301,allow full ambiguity,,,,
Nup188,875,Nup192,1374,1,302,allow full ambiguity,,,,
Nup188,1244,Nup53,2,1,303,allow full ambiguity,,,,
Nup188,1604,Nup53,93,1,304,allow full ambiguity,,,,
Nup188,1645,Nup53,128,1,305,allow full ambiguity,,,,
Nup188,981,Nup57.1,467,1,306,Nic96.1 complex - Nup188,,,,
Nup188,981,Nup57.1,471,1,307,Nic96.1 complex - Nup188,,,,
Nup188,1540,Nup59,151,1,308,allow full ambiguity,,,,
Nup188,1604,Nup59,151,1,309,allow full ambiguity,,,,
Nup188,1604,Nup59,157,1,310,allow full ambiguity,,,,
Nup188,1610,Nup59,123,1,311,allow full ambiguity,,,,
Nup192,1649,Nic96.2,167,1,313,Nic96.2 complex - Nup192,,,,
Nup192,53,Nup116.1,772,1,314,cytoplasmic side only,,,,
Nup192,53,Nup116.2,772,1,314,,,,,
Nup192@11,1374,Nup145.1,301,1,315,nuclear side only,,,,
Nup192@11,1374,Nup145.2,301,1,315,,,,,
Nup192,1425,Nup188,684,1,317,allow full ambiguity,,,,
Nup192,1425,Nup188,732,1,318,allow full ambiguity,,,,
Nup192,1436,Nup188,846,1,319,allow full ambiguity,,,,
Nup192,961,Nup49.2,332,1,326,Nic96.2 complex - Nup192,,,,
Nup192,961,Nup49.2@13,332,1,326,,,,,
Nup192,964,Nup49.2,332,1,327,Nic96.2 complex - Nup192,,,,
Nup192,964,Nup49.2@13,332,1,327,,,,,
Nup192,1653,Nup49.1,463,1,328,Nic96.2 complex - Nup192,,,,
Nup192,1653,Nup49.2@11,463,1,328,,,,,
Nup192,578,Nup57.2,423,1,329,Nic96.2 complex - Nup192,,,,
Nup192,578,Nup57.2@13,423,1,329,,,,,
Nup192,891,Nup57.2,414,1,330,Nic96.2 complex - Nup192,,,,
Nup192,891,Nup57.2@13,414,1,330,,,,,
Nup192,568,Nup59@3,151,1,331,allow full ambiguity,,,,
Nup192,568,Nup59@3,157,1,332,allow full ambiguity,,,,
Nup192,892,Pom34,278,1,334,allow full ambiguity,,,,
Nup192,895,Pom34,278,1,335,allow full ambiguity,,,,
Nup42,392,Gle1,259,1,336,cytoplasmic side only,,,,
Nup42,407,Gle1,231,1,337,cytoplasmic side only,,,,
Nup49.1,382,Nic96.1,1,1,338,Nic96 complex,,,,
Nup49.1,382,Nic96.2,1,1,338,,,,,
Nup49.1,463,Nic96.1,59,1,339,Nic96 complex,,,,
Nup49.2,463,Nic96.2,59,1,10339,,,,,
Nup49.1,463,Nic96.1,61,1,340,Nic96 complex,,,,
Nup49.2,463,Nic96.2,61,1,10340,,,,,
Nup49.1,463,Nic96.1,64,1,341,Nic96 complex,,,,
Nup49.2,463,Nic96.2,64,1,10341,,,,,
Nup49.1,463,Nic96.2,172,1,342,Nic96 complex,,,,
Nup49.1,463,Nic96.2@11,172,1,342,,,,,
Nup49.2,463,Nic96.2,172,1,342,,,,,
Nup49.2,463,Nic96.2@11,172,1,342,,,,,
Nup49.1,463,Nic96.2,173,1,343,Nic96 complex,,,,
Nup49.1,463,Nic96.2@11,173,1,343,,,,,
Nup49.2,463,Nic96.2,173,1,343,,,,,
Nup49.2,463,Nic96.2@11,173,1,343,,,,,
Nup49.1,286,Nsp1.3,613,1,344,Nic96 complex,,,,
Nup49.2,286,Nsp1.4,613,1,10344,,,,,
Nup49.1,286,Nsp1.3,623,1,345,Nic96 complex,,,,
Nup49.2,286,Nsp1.4,623,1,10345,,,,,
Nup49.1,286,Nsp1.3,628,1,346,Nic96 complex,,,,
Nup49.2,286,Nsp1.4,628,1,10346,,,,,
Nup49.1,463,Nup192,1652,1,347,Nic96.2 complex - Nup192,,,,
Nup49.2@11,463,Nup192,1652,1,347,Nic96.2 complex - Nup192,,,,
Nup49.2,295,Nup49.1,371,1,348,allow full ambiguity,,,,
Nup49.1@11,295,Nup49.2,371,1,348,,,,,
Nup53,174,Nic96.1,258,1,349,allow full ambiguity,,,,
Nup53,174,Nic96.2,258,1,349,,,,,
Nup53,174,Nic96.1,292,1,350,allow full ambiguity,,,,
Nup53,174,Nic96.2,292,1,350,,,,,
Nup53,226,Nic96.1,211,1,351,allow full ambiguity,,,,
Nup53,226,Nic96.2,211,1,351,,,,,
Nup53,376,Nic96.1,799,1,352,allow full ambiguity,,,,
Nup53,376,Nic96.2,799,1,352,,,,,
Nup53,200,Nup53,223,1,354,intra,,,,
Nup53,200,Nup53,226,1,355,intra,,,,
Nup53,409,Nup53,423,1,395,intra,,,,
Nup53,415,Nup53,394,1,396,intra,,,,
Nup53,415,Nup53,406,1,397,intra,,,,
Nup53,423,Nup53,399,1,399,intra,,,,
Nup57.1,435,Nic96.1,1,1,402,Nic96 complex,,,,
Nup57.1,435,Nic96.2,1,1,402,,,,,
Nup57.1,529,Nic96.1,1,1,403,Nic96 complex ,,,,
Nup57.1,529,Nic96.2,1,1,403,,,,,
Nup57.1,529,Nic96.2@11,1,1,403,,,,,
Nup57.2,529,Nic96.1@11,1,1,403,,,,,
Nup57.1,529,Nic96.1,9,1,404,Nic96 complex ,,,,
Nup57.1,529,Nic96.2,9,1,404,,,,,
Nup57.1,529,Nic96.2@11,9,1,404,,,,,
Nup57.2,529,Nic96.1@11,9,1,404,,,,,
Nup57.1,496,Nsp1.3,661,1,405,Nic96 complex ,,,,
Nup57.1,496,Nsp1.1,661,1,405,Nic96 - Nup82,,,,
Nup57.1,496,Nsp1.2,661,1,405,,,,,
Nup57.1,435,Nup100.1,633,1,406,cytoplasm only,,,,
Nup57.1,435,Nup100.2,633,1,406,,,,,
Nup57.2,435,Nup100.1,633,1,406,,,,,
Nup57.2,435,Nup100.2,633,1,406,,,,,
Nup57.2@11,435,Nup100.1,633,1,406,,,,,
Nup57.2@11,435,Nup100.2,633,1,406,,,,,
Nup57.1,471,Nup100.1,671,1,407,cytoplasm only,,,,
Nup57.1,471,Nup100.2,671,1,407,,,,,
Nup57.2,471,Nup100.1,671,1,407,,,,,
Nup57.2,471,Nup100.2,671,1,407,,,,,
Nup57.2@11,471,Nup100.1,671,1,407,,,,,
Nup57.2@11,471,Nup100.2,671,1,407,,,,,
Nup57.1,382,Nup116.1,772,1,408,cytoplasm only,,,,
Nup57.1,382,Nup116.2,772,1,408,,,,,
Nup57.2,382,Nup116.1,772,1,408,,,,,
Nup57.2,382,Nup116.2,772,1,408,,,,,
Nup57.2@11,382,Nup116.1,772,1,408,,,,,
Nup57.2@11,382,Nup116.2,772,1,408,,,,,
Nup57.1,389,Nup116.1,772,1,409,cytoplasm only,,,,
Nup57.1,389,Nup116.2,772,1,409,,,,,
Nup57.2,389,Nup116.1,772,1,409,,,,,
Nup57.2,389,Nup116.2,772,1,409,,,,,
Nup57.2@11,389,Nup116.1,772,1,409,,,,,
Nup57.2@11,389,Nup116.2,772,1,409,,,,,
Nup57.1,471,Nup188,981,1,410,Nic96.1 complex - Nup188,,,,
Nup57.1,471,Nup188,1035,1,411,Nic96.1 complex - Nup188,,,,
Nup57.2,410,Nup192,892,1,412,Nic96.2 complex - Nup192,,,,
Nup57.1,423,Nup84,137,1,413,allow full ambiguity,,,,
Nup57.2@11,423,Nup84,137,1,413,,,,,
Nup59,151,Nic96.1,16,1,414,allow full ambiguity,,,,
Nup59,151,Nic96.2,16,1,414,,,,,
Nup59,151,Nic96.2@11,16,1,414,,,,,
Nup59,209,Nic96.1,312,1,415,allow full ambiguity,,,,
Nup59,209,Nic96.2,312,1,415,,,,,
Nup59,257,Nic96.1,211,1,416,allow full ambiguity,,,,
Nup59,257,Nic96.2,211,1,416,,,,,
Nup59,257,Nic96.1,315,1,417,allow full ambiguity,,,,
Nup59,257,Nic96.2,315,1,417,,,,,
Nup59@11,467,Nup170,512,1,418,,,,,
Nup59,151,Nup49.1,463,1,419,allow full ambiguity,,,,
Nup59,151,Nup49.2@11,463,1,419,,,,,
Nup59,157,Nup49.1,463,1,420,allow full ambiguity,,,,
Nup59,157,Nup49.2@11,463,1,420,,,,,
Nup59,257,Nup53,409,1,421,allow full ambiguity,,,,
Nup59,467,Nup53,284,1,422,allow full ambiguity,,,,
Nup59,467,Nup53,399,1,423,allow full ambiguity,,,,
Nup59,257,Nup59,214,1,427,intra,,,,
Nup59,257,Nup59,223,1,428,intra,,,,
Nup60.1,268,Mlp1,563,1,432,Nucleoplasm only,,,,
Nup60.2,268,Mlp1,563,1,432,,,,,
Nup60.1,43,Nup60.1,57,1,433,intra,,,,
Nup60.2,43,Nup60.2,57,1,433,,,,,
Nup60.1,121,Nup60.1,57,1,434,,,,,
Nup60.1,121,Nup60.2,57,1,434,,,,,
Nup60.2,121,Nup60.1,57,1,434,,,,,
Nup60.2,121,Nup60.2,57,1,434,,,,,
Nup60.1,121,Nup60.1,148,1,435,intra,,,,
Nup60.2,121,Nup60.2,148,1,435,,,,,
Nup60.1,128,Nup60.1,4,1,436,,,,,
Nup60.1,128,Nup60.2,4,1,436,,,,,
Nup60.2,128,Nup60.1,4,1,436,,,,,
Nup60.2,128,Nup60.2,4,1,436,,,,,
Nup60.1,151,Nup60.2,151,1,437,same residue cross-link,,,,
Nup60.1,225,Nup60.1,212,1,438,intra,,,,
Nup60.2,225,Nup60.2,212,1,438,,,,,
Nup60.1,225,Nup60.1,235,1,439,intra,,,,
Nup60.2,225,Nup60.2,235,1,439,,,,,
Nup60.1,225,Nup60.1,236,1,440,intra,,,,
Nup60.2,225,Nup60.2,236,1,440,,,,,
Nup60.1,236,Nup60.1,212,1,441,intra,,,,
Nup60.2,236,Nup60.2,212,1,441,,,,,
Nup60.1,236,Nup60.1,262,1,442,intra,,,,
Nup60.2,236,Nup60.2,262,1,442,,,,,
Nup60.1,254,Nup60.1,225,1,443,intra,,,,
Nup60.2,254,Nup60.2,225,1,443,,,,,
Nup60.1,254,Nup60.1,235,1,444,intra,,,,
Nup60.2,254,Nup60.2,235,1,444,,,,,
Nup60.1,254,Nup60.1,262,1,445,intra,,,,
Nup60.2,254,Nup60.2,262,1,445,,,,,
Nup60.1,268,Nup60.1,262,1,446,intra,,,,
Nup60.2,268,Nup60.2,262,1,446,,,,,
Nup60.1,329,Nup60.1,350,1,447,intra,,,,
Nup60.2,329,Nup60.2,350,1,447,,,,,
Nup60.1,350,Nup60.1,363,1,448,intra,,,,
Nup60.2,350,Nup60.2,363,1,448,,,,,
Nup60.1,350,Nup60.1,365,1,449,intra,,,,
Nup60.2,350,Nup60.2,365,1,449,,,,,
Nup60.1,358,Nup60.1,365,1,450,intra,,,,
Nup60.2,358,Nup60.2,365,1,450,,,,,
Nup60.1,385,Nup60.1,363,1,451,intra,,,,
Nup60.2,385,Nup60.2,363,1,451,,,,,
Nup60.1,385,Nup60.1,365,1,452,intra,,,,
Nup60.2,385,Nup60.2,365,1,452,,,,,
Nup60.1,391,Nup60.1,385,1,453,intra,,,,
Nup60.2,391,Nup60.2,385,1,453,,,,,
Nup60.1,236,Seh1@11,100,1,454,Nucleoplasm only,,,,
Nup60.2,236,Seh1@11,100,1,454,Nucleoplasm only,,,,
Nup82.1,251,Gle1,48,1,455,full ambiguity,,,,
Nup82.2,251,Gle1,48,1,455,,,,,
Nup82.1,517,Nsp1.1,623,1,456,nup82,,,,
Nup82.2,517,Nsp1.2,623,1,10456,,,,,
Nup82.1,541,Nsp1.1,607,1,457,nup82,,,,
Nup82.2,541,Nsp1.2,607,1,10457,,,,,
Nup82.1,541,Nsp1.1,613,1,458,nup82,,,,
Nup82.2,541,Nsp1.2,613,1,10458,,,,,
Nup82.1,671,Nup145c,168,1,460,nup82-nup84 interface,,,,
Nup82.2,671,Nup145c,168,1,460,,,,,
Nup82.1,649,Nup85,2,1,461,nup82-nup84 interface,,,,
Nup82.2,649,Nup85,2,1,461,,,,,
Nup82.1,659,Nup85,2,1,462,nup82-nup84 interface,,,,
Nup82.2,659,Nup85,2,1,462,,,,,
Nup84@11,676,Mlp1,454,1,463,only for nucleoplasm Nup84@11,,,,
Nup84@11,669,Mlp2,371,1,464,only for nucleoplasm Nup84@11,,,,
Nup85,231,Nup82.1,622,1,465,nup82-nup84 interface,,,,
Nup85,231,Nup82.2,622,1,465,,,,,
Pom152,52,Nic96.2,592,1,466,allow full ambiguity,,,,
Pom152,52,Nic96.2@11,592,1,466,,,,,
Pom152,72,Nic96.2,592,1,467,allow full ambiguity,,,,
Pom152,72,Nic96.2@11,592,1,467,,,,,
Pom152,72,Nup157,732,1,468,allow full ambiguity,,,,
Pom152,72,Nup157,736,1,469,allow full ambiguity,,,,
Pom152,62,Pom152@11,62,1,470,same residue cross-link,,,,
Pom152,62,Pom152,81,1,471,allow full ambiguity,,,,
Pom152,62,Pom152@11,81,1,471,,,,,
Pom152,90,Pom152,62,1,472,allow full ambiguity,,,,
Pom152,90,Pom152@11,62,1,472,,,,,
Pom152,90,Pom152,72,1,473,allow full ambiguity,,,,
Pom152,90,Pom152@11,72,1,473,,,,,
Pom152,311,Pom152,321,1,474,allow full ambiguity,,,,
Pom152,311,Pom152,322,1,475,allow full ambiguity,,,,
Pom152,317,Pom152,322,1,476,allow full ambiguity,,,,
Pom152,328,Pom152,317,1,477,allow full ambiguity,,,,
Pom152,328,Pom152,321,1,478,allow full ambiguity,,,,
Pom152,328,Pom152,444,1,479,allow full ambiguity,,,,
Pom152,328,Pom152@11,444,1,479,,,,,
Pom152,357,Pom152,363,1,480,allow full ambiguity,,,,
Pom152,363,Pom152,307,1,481,allow full ambiguity,,,,
Pom152,363,Pom152@11,307,1,481,,,,,
Pom152,363,Pom152,308,1,482,allow full ambiguity,,,,
Pom152,363,Pom152@11,308,1,482,,,,,
Pom152,444,Pom152,317,1,483,allow full ambiguity,,,,
Pom152,444,Pom152@11,317,1,483,,,,,
Pom152,444,Pom152,322,1,484,allow full ambiguity,,,,
Pom152,444,Pom152@11,322,1,484,,,,,
Pom152,563,Pom152,766,0.01,485,allow full ambiguity,,,,
Pom152,683,Pom152,720,1,486,allow full ambiguity,,,,
Pom152,683,Pom152,774,1,487,allow full ambiguity,,,,
Pom152,697,Pom152,528,1,488,allow full ambiguity,,,,
Pom152,697,Pom152,814,0.01,489,allow full ambiguity,,,,
Pom152,746,Pom152,720,1,490,allow full ambiguity,,,,
Pom152,838,Pom152,920,1,491,allow full ambiguity,,,,
Pom152,920,Pom152,985,1,492,allow full ambiguity,,,,
Pom152,922,Pom152,985,1,493,allow full ambiguity,,,,
Pom34,79,Mlp2,292,1,494,nucleoplasm,,,,
Pom34@11,79,Mlp2,292,1,494,,,,,
Pom34,209,Nic96.2,799,1,495,allow full ambiguity,,,,
Pom34,209,Nic96.2@11,799,1,495,,,,,
Pom34,278,Nup100.1,668,1,496,allow full ambiguity,,,,
Pom34,278,Nup100.2,668,1,496,,,,,
Pom34,48,Nup157,325,1,497,allow full ambiguity,,,,
Pom34,48,Nup157,405,1,498,allow full ambiguity,,,,
Pom34,57,Nup157,301,1,499,allow full ambiguity,,,,
Pom34,209,Nup170,1122,1,500,allow full ambiguity,,,,
Pom34,209,Nup170,1140,1,501,allow full ambiguity,,,,
Pom34,209,Nup170,1144,1,502,allow full ambiguity,,,,
Pom34,217,Nup170,1122,1,503,allow full ambiguity,,,,
Pom34,245,Nup170,1014,1,504,allow full ambiguity,,,,
Pom34,245,Pom34,278,1,506,allow full ambiguity,,,,
Seh1@11,79,Nup60.1,262,1,507,Nucleoplasm only,,,,
Seh1@11,79,Nup60.2,262,1,507,,,,,
Nic96.1,9,Nic96.1,1,1,601,intra,,,,
Nic96.2,9,Nic96.2,1,1,10601,,,,,
Nic96.1,16,Nic96.1,1,1,602,intra,,,,
Nic96.2,16,Nic96.2,1,1,10602,,,,,
Nic96.1,21,Nic96.1,9,1,603,intra,,,,
Nic96.2,21,Nic96.2,9,1,10603,,,,,
Nic96.1,266,Nic96.1,517,1,604,intra,,,,
Nic96.2,266,Nic96.2,517,1,10604,,,,,
Nic96.1,275,Nic96.1,378,1,605,intra,,,,
Nic96.2,275,Nic96.2,378,1,10605,,,,,
Nic96.1,378,Nic96.1,266,1,606,intra,,,,
Nic96.2,378,Nic96.2,266,1,10606,,,,,
Nic96.1,378,Nic96.1,446,1,607,intra,,,,
Nic96.2,378,Nic96.2,446,1,10607,,,,,
Nic96.1,389,Nic96.1,361,1,608,intra,,,,
Nic96.2,389,Nic96.2,361,1,10608,,,,,
Nic96.1,446,Nic96.1,266,1,609,intra,,,,
Nic96.2,446,Nic96.2,266,1,10609,,,,,
Nic96.1,446,Nic96.1,526,1,610,intra,,,,
Nic96.2,446,Nic96.2,526,1,10610,,,,,
Nic96.1,517,Nic96.1,526,1,611,intra,,,,
Nic96.2,517,Nic96.2,526,1,10611,,,,,
Nic96.1,517,Nic96.1,529,1,612,intra,,,,
Nic96.2,517,Nic96.2,529,1,10612,,,,,
Nic96.1,543,Nic96.1,527,1,613,intra,,,,
Nic96.2,543,Nic96.2,527,1,10613,,,,,
Nup120,735,Nup120,412,1,8401,Nup84 complex,,,,
Nup133,488,Nup133,442,1,8402,Nup84 complex,,,,
Nup133,544,Nup133,488,1,8403,Nup84 complex,,,,